sample_id,label,type,repository,commit_hash,path,start_line,end_line,link,language
5615923,long_method,function,git@github.com:apache/shindig.git,8f3c3d5c77f5324bad56a5a62da28657fe9112a0,/java/common/src/main/java/org/apache/shindig/common/uri/Uri.java,205,289,https://github.com/apache/shindig/blob/8f3c3d5c77f5324bad56a5a62da28657fe9112a0/java/common/src/main/java/org/apache/shindig/common/uri/Uri.java/#L205-L289,java
8999751,long_method,function,git@github.com:apache/lucene-solr.git,bca22d58e2d126ec6d349d375d3ea028892104e1,/lucene/analysis/common/src/java/org/tartarus/snowball/ext/ItalianStemmer.java,257,401,https://github.com/apache/lucene-solr/blob/bca22d58e2d126ec6d349d375d3ea028892104e1/lucene/analysis/common/src/java/org/tartarus/snowball/ext/ItalianStemmer.java/#L257-L401,java
8497990,long_method,function,git@github.com:apache/cloudstack.git,8d3feb100aab4a45b31a789f444038b892161eec,/server/src/main/java/com/cloud/consoleproxy/ConsoleProxyManagerImpl.java,696,720,https://github.com/apache/cloudstack/blob/8d3feb100aab4a45b31a789f444038b892161eec/server/src/main/java/com/cloud/consoleproxy/ConsoleProxyManagerImpl.java/#L696-L720,java
4023677,long_method,function,git@github.com:apache/axis2-java.git,372582df483eb7991f85b6d0e765aec62339cdb7,/modules/transport/http/src/org/apache/axis2/transport/http/AxisServlet.java,668,687,https://github.com/apache/axis2-java/blob/372582df483eb7991f85b6d0e765aec62339cdb7/modules/transport/http/src/org/apache/axis2/transport/http/AxisServlet.java/#L668-L687,java
7108130,long_method,function,git@github.com:google/j2objc.git,471504a735b48d5d4ace51afa1542cc4790a921a,/jre_emul/android/platform/libcore/ojluni/src/main/java/java/util/Base64.java,391,438,https://github.com/google/j2objc/blob/471504a735b48d5d4ace51afa1542cc4790a921a/jre_emul/android/platform/libcore/ojluni/src/main/java/java/util/Base64.java/#L391-L438,java
6624215,long_method,function,git@github.com:Esri/arcgis-runtime-samples-java.git,c7a0b309586495ff9cc9dbed129e411943547793,/src/main/java/com/esri/samples/featurelayers/feature_layer_rendering_mode_map/FeatureLayerRenderingModeMapSample.java,45,114,https://github.com/Esri/arcgis-runtime-samples-java/blob/c7a0b309586495ff9cc9dbed129e411943547793/src/main/java/com/esri/samples/featurelayers/feature_layer_rendering_mode_map/FeatureLayerRenderingModeMapSample.java/#L45-L114,java
8861277,long_method,function,git@github.com:apache/airavata.git,391843a00eefa7b6213e845f2f044b4e042894d5,/modules/registry/registry-core/src/main/java/org/apache/airavata/registry/core/app/catalog/resources/ComputeHostPreferenceResource.java,522,556,https://github.com/apache/airavata/blob/391843a00eefa7b6213e845f2f044b4e042894d5/modules/registry/registry-core/src/main/java/org/apache/airavata/registry/core/app/catalog/resources/ComputeHostPreferenceResource.java/#L522-L556,java
6310221,long_method,function,git@github.com:eclipse/kura.git,5e9f3e3d03c8a9cc7857b3fb9080b256821bb32a,/kura/org.eclipse.kura.web2/src/main/java/org/eclipse/kura/web/client/ui/firewall/PortForwardingTabUi.java,796,818,https://github.com/eclipse/kura/blob/5e9f3e3d03c8a9cc7857b3fb9080b256821bb32a/kura/org.eclipse.kura.web2/src/main/java/org/eclipse/kura/web/client/ui/firewall/PortForwardingTabUi.java/#L796-L818,java
9045965,long_method,function,git@github.com:eclipse/eclipse.jdt.core.git,24d47c292ed4bd8fdc28b3c2f9afdab1401d025c,/org.eclipse.jdt.core.tests.model/src/org/eclipse/jdt/core/tests/model/TypeHierarchyTests.java,2260,2282,https://github.com/eclipse/eclipse.jdt.core/blob/24d47c292ed4bd8fdc28b3c2f9afdab1401d025c/org.eclipse.jdt.core.tests.model/src/org/eclipse/jdt/core/tests/model/TypeHierarchyTests.java/#L2260-L2282,java
4249533,long_method,function,git@github.com:apache/commons-jxpath.git,eff47ab8ca52fdbc91d1313cc224324465dd043e,/src/main/java/org/apache/commons/jxpath/ri/model/dom/DOMNodePointer.java,672,697,https://github.com/apache/commons-jxpath/blob/eff47ab8ca52fdbc91d1313cc224324465dd043e/src/main/java/org/apache/commons/jxpath/ri/model/dom/DOMNodePointer.java/#L672-L697,java
9242897,long_method,function,git@github.com:SAP/SapMachine.git,6e62561730c46dc5000c39665c43951832192ceb,/src/java.desktop/share/classes/javax/swing/text/BoxView.java,956,996,https://github.com/SAP/SapMachine/blob/6e62561730c46dc5000c39665c43951832192ceb/src/java.desktop/share/classes/javax/swing/text/BoxView.java/#L956-L996,java
5343588,long_method,function,git@github.com:apache/nifi.git,c8eff590efa3babcda0b755009224dcac168708b,/nifi-nar-bundles/nifi-aws-bundle/nifi-aws-processors/src/main/java/org/apache/nifi/processors/aws/dynamodb/PutDynamoDB.java,100,188,https://github.com/apache/nifi/blob/c8eff590efa3babcda0b755009224dcac168708b/nifi-nar-bundles/nifi-aws-bundle/nifi-aws-processors/src/main/java/org/apache/nifi/processors/aws/dynamodb/PutDynamoDB.java/#L100-L188,java
9301710,long_method,function,git@github.com:SAP/SapMachine.git,6e62561730c46dc5000c39665c43951832192ceb,/src/jdk.compiler/share/classes/com/sun/tools/javac/comp/Lower.java,1457,1477,https://github.com/SAP/SapMachine/blob/6e62561730c46dc5000c39665c43951832192ceb/src/jdk.compiler/share/classes/com/sun/tools/javac/comp/Lower.java/#L1457-L1477,java
4532155,long_method,function,git@github.com:apache/felix.git,a132994b250751d4ba3b115ee070ba397d9840ca,/inventory/src/main/java/org/apache/felix/inventory/impl/webconsole/ResourceBundleManager.java,134,189,https://github.com/apache/felix/blob/a132994b250751d4ba3b115ee070ba397d9840ca/inventory/src/main/java/org/apache/felix/inventory/impl/webconsole/ResourceBundleManager.java/#L134-L189,java
8922371,long_method,function,git@github.com:apache/hive.git,2fa22bf360898dc8fd1408bfcc96e1c6aeaf9a53,/standalone-metastore/metastore-common/src/gen/thrift/gen-javabean/org/apache/hadoop/hive/metastore/api/WMTrigger.java,733,798,https://github.com/apache/hive/blob/2fa22bf360898dc8fd1408bfcc96e1c6aeaf9a53/standalone-metastore/metastore-common/src/gen/thrift/gen-javabean/org/apache/hadoop/hive/metastore/api/WMTrigger.java/#L733-L798,java
7730792,long_method,function,git@github.com:apache/incubator-brooklyn.git,337a5d22d5e9c98cc96ea1085383cbed1ee0b741,/brooklyn-server/core/src/main/java/org/apache/brooklyn/util/core/task/BasicTask.java,437,462,https://github.com/apache/incubator-brooklyn/blob/337a5d22d5e9c98cc96ea1085383cbed1ee0b741/brooklyn-server/core/src/main/java/org/apache/brooklyn/util/core/task/BasicTask.java/#L437-L462,java
4311186,long_method,function,git@github.com:apache/directory-ldap-api.git,5b93e102556ad2191b5d30411708410d1b1a9d71,/ldap/model/src/main/java/org/apache/directory/api/ldap/model/schema/syntaxCheckers/DseTypeSyntaxChecker.java,133,273,https://github.com/apache/directory-ldap-api/blob/5b93e102556ad2191b5d30411708410d1b1a9d71/ldap/model/src/main/java/org/apache/directory/api/ldap/model/schema/syntaxCheckers/DseTypeSyntaxChecker.java/#L133-L273,java
6730087,long_method,function,git@github.com:eclipse/webtools.sourceediting.git,fe6d03fa6ca31c9e5ebeba67b32f14d14335657d,/core/bundles/org.eclipse.wst.sse.core/DevTimeSupport/HeadParsers/XML10Names/XML10Names.java,502,594,https://github.com/eclipse/webtools.sourceediting/blob/fe6d03fa6ca31c9e5ebeba67b32f14d14335657d/core/bundles/org.eclipse.wst.sse.core/DevTimeSupport/HeadParsers/XML10Names/XML10Names.java/#L502-L594,java
9267571,long_method,function,git@github.com:SAP/SapMachine.git,6e62561730c46dc5000c39665c43951832192ceb,/src/java.xml/share/classes/com/sun/org/apache/xerces/internal/impl/xs/XMLSchemaLoader.java,1000,1116,https://github.com/SAP/SapMachine/blob/6e62561730c46dc5000c39665c43951832192ceb/src/java.xml/share/classes/com/sun/org/apache/xerces/internal/impl/xs/XMLSchemaLoader.java/#L1000-L1116,java
4470846,long_method,function,git@github.com:apache/drill.git,5e2251a9fd659b81ebfcd6702ee4ee16b3f7b6b3,/exec/java-exec/src/main/java/org/apache/drill/exec/physical/rowSet/project/RequestedTupleImpl.java,260,291,https://github.com/apache/drill/blob/5e2251a9fd659b81ebfcd6702ee4ee16b3f7b6b3/exec/java-exec/src/main/java/org/apache/drill/exec/physical/rowSet/project/RequestedTupleImpl.java/#L260-L291,java
9006040,long_method,function,git@github.com:apache/lucene-solr.git,bca22d58e2d126ec6d349d375d3ea028892104e1,/solr/core/src/java/org/apache/solr/update/processor/DistributedZkUpdateProcessor.java,953,1007,https://github.com/apache/lucene-solr/blob/bca22d58e2d126ec6d349d375d3ea028892104e1/solr/core/src/java/org/apache/solr/update/processor/DistributedZkUpdateProcessor.java/#L953-L1007,java
4028364,long_method,function,git@github.com:apache/beam.git,a956ff77a8448e5f2c12f6695fec608348b5ab60,/sdks/java/io/synthetic/src/main/java/org/apache/beam/sdk/io/synthetic/SyntheticOptions.java,228,289,https://github.com/apache/beam/blob/a956ff77a8448e5f2c12f6695fec608348b5ab60/sdks/java/io/synthetic/src/main/java/org/apache/beam/sdk/io/synthetic/SyntheticOptions.java/#L228-L289,java
6393344,long_method,function,git@github.com:eclipse/eclipse.platform.ui.git,e3bbb556534a1fb945e1036948325d14a8dd9c7a,/tests/org.eclipse.jface.tests/src/org/eclipse/jface/widgets/TestUnitTextFactory.java,35,61,https://github.com/eclipse/eclipse.platform.ui/blob/e3bbb556534a1fb945e1036948325d14a8dd9c7a/tests/org.eclipse.jface.tests/src/org/eclipse/jface/widgets/TestUnitTextFactory.java/#L35-L61,java
7702332,long_method,function,git@github.com:uber/NullAway.git,31a184261daaf05f3d353146f44e8e8f12fd7a4d,/nullaway/src/main/java/com/uber/nullaway/handlers/RxNullabilityPropagator.java,287,315,https://github.com/uber/NullAway/blob/31a184261daaf05f3d353146f44e8e8f12fd7a4d/nullaway/src/main/java/com/uber/nullaway/handlers/RxNullabilityPropagator.java/#L287-L315,java
9121203,long_method,function,git@github.com:eclipse/birt.git,f89264810347de98702db45386a822aabc0fadbf,/data/org.eclipse.birt.report.data.oda.jdbc.ui/src/org/eclipse/birt/report/data/oda/jdbc/ui/editors/JdbcSQLContentAssistProcessor.java,278,308,https://github.com/eclipse/birt/blob/f89264810347de98702db45386a822aabc0fadbf/data/org.eclipse.birt.report.data.oda.jdbc.ui/src/org/eclipse/birt/report/data/oda/jdbc/ui/editors/JdbcSQLContentAssistProcessor.java/#L278-L308,java
4488901,long_method,function,git@github.com:apache/ctakes.git,79be3ba2833857714bb301449f021cca36f373e6,/ctakes-core/src/main/java/org/apache/ctakes/core/cleartk/SumContext.java,44,73,https://github.com/apache/ctakes/blob/79be3ba2833857714bb301449f021cca36f373e6/ctakes-core/src/main/java/org/apache/ctakes/core/cleartk/SumContext.java/#L44-L73,java
6182357,long_method,function,git@github.com:eclipse/che.git,c5498c2ac562cd8a2fc79a6bb0446d291f05a201,/infrastructures/docker/docker-client/src/main/java/org/eclipse/che/infrastructure/docker/client/json/ExecInfo.java,90,116,https://github.com/eclipse/che/blob/c5498c2ac562cd8a2fc79a6bb0446d291f05a201/infrastructures/docker/docker-client/src/main/java/org/eclipse/che/infrastructure/docker/client/json/ExecInfo.java/#L90-L116,java
8537914,long_method,function,git@github.com:apache/cloudstack.git,8d3feb100aab4a45b31a789f444038b892161eec,/server/src/main/java/com/cloud/server/ManagementServerImpl.java,3807,3831,https://github.com/apache/cloudstack/blob/8d3feb100aab4a45b31a789f444038b892161eec/server/src/main/java/com/cloud/server/ManagementServerImpl.java/#L3807-L3831,java
6088559,long_method,function,git@github.com:eclipse/ceylon.git,d3994d6cd120c4df85952cd9432123b413cfd65a,/model/src/org/eclipse/ceylon/model/loader/TypeParser.java,431,505,https://github.com/eclipse/ceylon/blob/d3994d6cd120c4df85952cd9432123b413cfd65a/model/src/org/eclipse/ceylon/model/loader/TypeParser.java/#L431-L505,java
4310755,long_method,function,git@github.com:apache/directory-ldap-api.git,5b93e102556ad2191b5d30411708410d1b1a9d71,/ldap/model/src/main/java/org/apache/directory/api/ldap/model/url/LdapUrl.java,1067,1106,https://github.com/apache/directory-ldap-api/blob/5b93e102556ad2191b5d30411708410d1b1a9d71/ldap/model/src/main/java/org/apache/directory/api/ldap/model/url/LdapUrl.java/#L1067-L1106,java
7728166,long_method,function,git@github.com:vmware/xenon.git,b6fb48b745985af2efc59b7ee0e5e7d69a289fbc,/xenon-common/src/main/java/com/vmware/xenon/common/OperationProcessingChain.java,345,354,https://github.com/vmware/xenon/blob/b6fb48b745985af2efc59b7ee0e5e7d69a289fbc/xenon-common/src/main/java/com/vmware/xenon/common/OperationProcessingChain.java/#L345-L354,java
5503308,long_method,function,git@github.com:apache/rocketmq.git,971fa8ed8b209b39bdfe41c57cd64576d244e6bd,/common/src/main/java/org/apache/rocketmq/common/UtilAll.java,484,516,https://github.com/apache/rocketmq/blob/971fa8ed8b209b39bdfe41c57cd64576d244e6bd/common/src/main/java/org/apache/rocketmq/common/UtilAll.java/#L484-L516,java
4919602,long_method,function,git@github.com:apache/jmeter.git,0facf1525a7d0bd816efd33e72309856e901a883,/src/protocol/http/org/apache/jmeter/protocol/http/config/gui/UrlConfigGui.java,272,314,https://github.com/apache/jmeter/blob/0facf1525a7d0bd816efd33e72309856e901a883/src/protocol/http/org/apache/jmeter/protocol/http/config/gui/UrlConfigGui.java/#L272-L314,java
7576371,long_method,function,git@github.com:spring-projects/spring-framework.git,3a0f309e2c9fdbbf7fb2d348be861528177f8555,/spring-orm/src/main/java/org/springframework/orm/jpa/SharedEntityManagerCreator.java,212,331,https://github.com/spring-projects/spring-framework/blob/3a0f309e2c9fdbbf7fb2d348be861528177f8555/spring-orm/src/main/java/org/springframework/orm/jpa/SharedEntityManagerCreator.java/#L212-L331,java
7094329,long_method,function,git@github.com:google/j2objc.git,471504a735b48d5d4ace51afa1542cc4790a921a,/jre_emul/android/platform/external/icu/android_icu4j/src/main/java/android/icu/util/VTimeZone.java,1661,1695,https://github.com/google/j2objc/blob/471504a735b48d5d4ace51afa1542cc4790a921a/jre_emul/android/platform/external/icu/android_icu4j/src/main/java/android/icu/util/VTimeZone.java/#L1661-L1695,java
8123359,long_method,function,git@github.com:eclipse/xtext-core.git,e04964e4c2a3e0338c0079bd8333688835e77c31,/org.eclipse.xtext.xtext.generator/xtend-gen/org/eclipse/xtext/xtext/generator/serializer/NamedSerializationContextProvider.java,45,88,https://github.com/eclipse/xtext-core/blob/e04964e4c2a3e0338c0079bd8333688835e77c31/org.eclipse.xtext.xtext.generator/xtend-gen/org/eclipse/xtext/xtext/generator/serializer/NamedSerializationContextProvider.java/#L45-L88,java
7964380,long_method,function,git@github.com:eclipse/xtext-extras.git,5634c291880cd46fe2f8e9a47e48ef88b85e8bda,/org.eclipse.xtext.xbase.testlanguages/src-gen/org/eclipse/xtext/xbase/testlanguages/parser/antlr/internal/InternalXImportSectionTestLangLexer.java,2127,2300,https://github.com/eclipse/xtext-extras/blob/5634c291880cd46fe2f8e9a47e48ef88b85e8bda/org.eclipse.xtext.xbase.testlanguages/src-gen/org/eclipse/xtext/xbase/testlanguages/parser/antlr/internal/InternalXImportSectionTestLangLexer.java/#L2127-L2300,java
4264057,long_method,function,git@github.com:apache/commons-math.git,f3719d89ab6a928e8618bbe6a7da8214d9d6eb07,/src/main/java/org/apache/commons/math4/stat/correlation/KendallsCorrelation.java,154,261,https://github.com/apache/commons-math/blob/f3719d89ab6a928e8618bbe6a7da8214d9d6eb07/src/main/java/org/apache/commons/math4/stat/correlation/KendallsCorrelation.java/#L154-L261,java
7916535,long_method,function,git@github.com:apache/servicemix-bundles.git,5f2c7727f71c167997947ad4604f9b8200952af2,/xalan-2.7.2/src/main/java/org/apache/xalan/xsltc/runtime/ObjectFactory.java,477,529,https://github.com/apache/servicemix-bundles/blob/5f2c7727f71c167997947ad4604f9b8200952af2/xalan-2.7.2/src/main/java/org/apache/xalan/xsltc/runtime/ObjectFactory.java/#L477-L529,java
8348990,long_method,function,git@github.com:eclipse/org.aspectj.git,370f291c359cd159c5f3f0abd6e9e53e81234a07,/weaver/src/main/java/org/aspectj/weaver/bcel/AtAjAttributes.java,526,584,https://github.com/eclipse/org.aspectj/blob/370f291c359cd159c5f3f0abd6e9e53e81234a07/weaver/src/main/java/org/aspectj/weaver/bcel/AtAjAttributes.java/#L526-L584,java
7934374,long_method,function,git@github.com:eclipse/gef-legacy.git,14563a9e1f2af636a5364d195cf07dbff6f35fa6,/org.eclipse.draw2d/src/org/eclipse/draw2d/graph/ConvertCompoundGraph.java,142,171,https://github.com/eclipse/gef-legacy/blob/14563a9e1f2af636a5364d195cf07dbff6f35fa6/org.eclipse.draw2d/src/org/eclipse/draw2d/graph/ConvertCompoundGraph.java/#L142-L171,java
8932995,long_method,function,git@github.com:apache/hive.git,2fa22bf360898dc8fd1408bfcc96e1c6aeaf9a53,/ql/src/java/org/apache/hadoop/hive/ql/exec/vector/ptf/VectorPTFOperator.java,241,268,https://github.com/apache/hive/blob/2fa22bf360898dc8fd1408bfcc96e1c6aeaf9a53/ql/src/java/org/apache/hadoop/hive/ql/exec/vector/ptf/VectorPTFOperator.java/#L241-L268,java
3925764,god_class,class,git@github.com:apache/accumulo.git,f896c98c2356a52dfa2235d2cc02ae556ab17909,/iterator-test-harness/src/main/java/org/apache/accumulo/iteratortest/IteratorTestCaseFinder.java,35,81,https://github.com/apache/accumulo/blob/f896c98c2356a52dfa2235d2cc02ae556ab17909/iterator-test-harness/src/main/java/org/apache/accumulo/iteratortest/IteratorTestCaseFinder.java/#L35-L81,java
8408651,god_class,class,git@github.com:apache/camel.git,8a85a70643c4d6eec2d3abddeea44ecb06c2f486,/components/camel-sql/src/main/java/org/apache/camel/component/sql/stored/template/generated/TokenMgrError.java,22,162,https://github.com/apache/camel/blob/8a85a70643c4d6eec2d3abddeea44ecb06c2f486/components/camel-sql/src/main/java/org/apache/camel/component/sql/stored/template/generated/TokenMgrError.java/#L22-L162,java
6624209,god_class,class,git@github.com:Esri/arcgis-runtime-samples-java.git,c7a0b309586495ff9cc9dbed129e411943547793,/src/main/java/com/esri/samples/imagelayers/map_image_layer_tables/MapImageLayerTablesSample.java,53,234,https://github.com/Esri/arcgis-runtime-samples-java/blob/c7a0b309586495ff9cc9dbed129e411943547793/src/main/java/com/esri/samples/imagelayers/map_image_layer_tables/MapImageLayerTablesSample.java/#L53-L234,java
8978193,god_class,class,git@github.com:apache/lucene-solr.git,bca22d58e2d126ec6d349d375d3ea028892104e1,/lucene/core/src/java/org/apache/lucene/search/DocIdSetIterator.java,29,220,https://github.com/apache/lucene-solr/blob/bca22d58e2d126ec6d349d375d3ea028892104e1/lucene/core/src/java/org/apache/lucene/search/DocIdSetIterator.java/#L29-L220,java
7327189,god_class,class,git@github.com:Microsoft/team-explorer-everywhere.git,89ab2a4847aec8ec2afdf36c3f6287dd03bd558d,/source/com.microsoft.tfs.client.common.ui/src/com/microsoft/tfs/client/common/ui/wit/controls/QueryItemTreeControl.java,52,416,https://github.com/Microsoft/team-explorer-everywhere/blob/89ab2a4847aec8ec2afdf36c3f6287dd03bd558d/source/com.microsoft.tfs.client.common.ui/src/com/microsoft/tfs/client/common/ui/wit/controls/QueryItemTreeControl.java/#L52-L416,java
9199423,god_class,class,git@github.com:eclipse/birt.git,f89264810347de98702db45386a822aabc0fadbf,/data/org.eclipse.birt.data/src/org/eclipse/birt/data/engine/api/script/BaseScriptEvalUtil.java,59,1292,https://github.com/eclipse/birt/blob/f89264810347de98702db45386a822aabc0fadbf/data/org.eclipse.birt.data/src/org/eclipse/birt/data/engine/api/script/BaseScriptEvalUtil.java/#L59-L1292,java
8285514,god_class,class,git@github.com:apache/james-project.git,fa24a096a5853459c3769a34ccc68feb91626bfa,/server/data/data-library/src/main/java/org/apache/james/rrt/lib/AbstractRecipientRewriteTable.java,47,351,https://github.com/apache/james-project/blob/fa24a096a5853459c3769a34ccc68feb91626bfa/server/data/data-library/src/main/java/org/apache/james/rrt/lib/AbstractRecipientRewriteTable.java/#L47-L351,java
5925637,god_class,class,git@github.com:apache/zeppelin.git,4219d552349f8f7f3e6de34505b8a8ae9835f98b,/zeppelin-zengine/src/main/java/org/apache/zeppelin/interpreter/RemoteInterpreterEventServer.java,66,485,https://github.com/apache/zeppelin/blob/4219d552349f8f7f3e6de34505b8a8ae9835f98b/zeppelin-zengine/src/main/java/org/apache/zeppelin/interpreter/RemoteInterpreterEventServer.java/#L66-L485,java
8155488,god_class,class,git@github.com:apache/axis1-java.git,7043f1ab0397d1ae35f879f2bcc99be1e9b55644,/samples/transport-sample/src/main/java/samples/transport/tcp/TCPSender.java,36,105,https://github.com/apache/axis1-java/blob/7043f1ab0397d1ae35f879f2bcc99be1e9b55644/samples/transport-sample/src/main/java/samples/transport/tcp/TCPSender.java/#L36-L105,java
8023829,god_class,class,git@github.com:eclipse/titan.EclipsePlug-ins.git,92bae808bfd4757c9a2f7cc0e59cd17ad801394c,/org.eclipse.titanium.refactoring/src/org/eclipse/titanium/refactoring/fieldordering/ChangeCreator.java,53,461,https://github.com/eclipse/titan.EclipsePlug-ins/blob/92bae808bfd4757c9a2f7cc0e59cd17ad801394c/org.eclipse.titanium.refactoring/src/org/eclipse/titanium/refactoring/fieldordering/ChangeCreator.java/#L53-L461,java
5580284,god_class,class,git@github.com:apache/poi.git,351623a86924dab9c565e08e8cecfe151522c448,/src/scratchpad/src/org/apache/poi/hwpf/model/BookmarksTables.java,29,204,https://github.com/apache/poi/blob/351623a86924dab9c565e08e8cecfe151522c448/src/scratchpad/src/org/apache/poi/hwpf/model/BookmarksTables.java/#L29-L204,java
4131952,god_class,class,git@github.com:apache/calcite.git,a648f9c12309cc253628930b0cab98591caa66ab,/core/src/main/java/org/apache/calcite/util/ImmutableBitSet.java,46,1144,https://github.com/apache/calcite/blob/a648f9c12309cc253628930b0cab98591caa66ab/core/src/main/java/org/apache/calcite/util/ImmutableBitSet.java/#L46-L1144,java
8896304,god_class,class,git@github.com:apache/hive.git,2fa22bf360898dc8fd1408bfcc96e1c6aeaf9a53,/standalone-metastore/metastore-common/src/gen/thrift/gen-javabean/org/apache/hadoop/hive/metastore/api/ThriftHiveMetastore.java,233896,233981,https://github.com/apache/hive/blob/2fa22bf360898dc8fd1408bfcc96e1c6aeaf9a53/standalone-metastore/metastore-common/src/gen/thrift/gen-javabean/org/apache/hadoop/hive/metastore/api/ThriftHiveMetastore.java/#L233896-L233981,java
4401103,god_class,class,git@github.com:apache/directory-studio.git,e8f15ea553a3ae7bebc2fe96d6a2864e188f8017,/plugins/apacheds.configuration/src/main/java/org/apache/directory/studio/apacheds/configuration/editor/PasswordPolicyDetailsPage.java,110,1248,https://github.com/apache/directory-studio/blob/e8f15ea553a3ae7bebc2fe96d6a2864e188f8017/plugins/apacheds.configuration/src/main/java/org/apache/directory/studio/apacheds/configuration/editor/PasswordPolicyDetailsPage.java/#L110-L1248,java
4456492,god_class,class,git@github.com:apache/drill.git,5e2251a9fd659b81ebfcd6702ee4ee16b3f7b6b3,/exec/java-exec/src/main/java/org/apache/drill/exec/planner/logical/DrillFilterItemStarReWriterRule.java,52,353,https://github.com/apache/drill/blob/5e2251a9fd659b81ebfcd6702ee4ee16b3f7b6b3/exec/java-exec/src/main/java/org/apache/drill/exec/planner/logical/DrillFilterItemStarReWriterRule.java/#L52-L353,java
4804222,god_class,class,git@github.com:apache/incubator-taverna-engine.git,98536c6b702a0541debbb66be996455384561b54,/taverna-prov/src/main/java/org/apache/taverna/prov/SafeFileOutputStream.java,36,137,https://github.com/apache/incubator-taverna-engine/blob/98536c6b702a0541debbb66be996455384561b54/taverna-prov/src/main/java/org/apache/taverna/prov/SafeFileOutputStream.java/#L36-L137,java
5255988,god_class,class,git@github.com:apache/oozie.git,491e73ee9f941dfb25dfe92121fb033295ef42ee,/core/src/main/java/org/apache/oozie/executor/jpa/CoordActionQueryExecutor.java,40,383,https://github.com/apache/oozie/blob/491e73ee9f941dfb25dfe92121fb033295ef42ee/core/src/main/java/org/apache/oozie/executor/jpa/CoordActionQueryExecutor.java/#L40-L383,java
8119000,god_class,class,git@github.com:eclipse/xtext-core.git,e04964e4c2a3e0338c0079bd8333688835e77c31,/org.eclipse.xtext.util/src/org/eclipse/xtext/util/Strings.java,23,475,https://github.com/eclipse/xtext-core/blob/e04964e4c2a3e0338c0079bd8333688835e77c31/org.eclipse.xtext.util/src/org/eclipse/xtext/util/Strings.java/#L23-L475,java
6279768,god_class,class,git@github.com:eclipse/jgit.git,00523f38a19b073990239b0f837efa14197764c7,/org.eclipse.jgit.ssh.apache/src/org/eclipse/jgit/transport/sshd/SshdSession.java,85,485,https://github.com/eclipse/jgit/blob/00523f38a19b073990239b0f837efa14197764c7/org.eclipse.jgit.ssh.apache/src/org/eclipse/jgit/transport/sshd/SshdSession.java/#L85-L485,java
7722604,god_class,class,git@github.com:yandex/clickhouse-jdbc.git,b0f66b311bd94a22bf6208918d438eff9c7d381c,/src/main/java/ru/yandex/clickhouse/response/ClickHouseScrollableResultSet.java,12,146,https://github.com/yandex/clickhouse-jdbc/blob/b0f66b311bd94a22bf6208918d438eff9c7d381c/src/main/java/ru/yandex/clickhouse/response/ClickHouseScrollableResultSet.java/#L12-L146,java
5822090,god_class,class,git@github.com:apache/uima-ruta.git,08efb111a775b4ba01cf048ac699aa9c22188325,/ruta-core/src/main/java/org/apache/uima/ruta/action/TrimAction.java,37,136,https://github.com/apache/uima-ruta/blob/08efb111a775b4ba01cf048ac699aa9c22188325/ruta-core/src/main/java/org/apache/uima/ruta/action/TrimAction.java/#L37-L136,java
4214220,god_class,class,git@github.com:apache/commons-bsf.git,88b2601a3caecc32aba38f2b3980d646e9a1b698,/src/main/java/org/apache/bsf/util/event/generator/EventAdapterGenerator.java,46,606,https://github.com/apache/commons-bsf/blob/88b2601a3caecc32aba38f2b3980d646e9a1b698/src/main/java/org/apache/bsf/util/event/generator/EventAdapterGenerator.java/#L46-L606,java
7754810,god_class,class,git@github.com:apache/incubator-brooklyn.git,337a5d22d5e9c98cc96ea1085383cbed1ee0b741,/brooklyn-server/server-cli/src/main/java/org/apache/brooklyn/cli/Main.java,194,824,https://github.com/apache/incubator-brooklyn/blob/337a5d22d5e9c98cc96ea1085383cbed1ee0b741/brooklyn-server/server-cli/src/main/java/org/apache/brooklyn/cli/Main.java/#L194-L824,java
7356708,god_class,class,git@github.com:Microsoft/team-explorer-everywhere.git,89ab2a4847aec8ec2afdf36c3f6287dd03bd558d,/source/com.microsoft.tfs.core.ws/generated-src/ms/tfs/workitemtracking/configurationsettingsservice/_03/_ConfigurationSettingsServiceSoapService.java,53,439,https://github.com/Microsoft/team-explorer-everywhere/blob/89ab2a4847aec8ec2afdf36c3f6287dd03bd558d/source/com.microsoft.tfs.core.ws/generated-src/ms/tfs/workitemtracking/configurationsettingsservice/_03/_ConfigurationSettingsServiceSoapService.java/#L53-L439,java
6195686,god_class,class,git@github.com:eclipse/che.git,c5498c2ac562cd8a2fc79a6bb0446d291f05a201,/ide/che-core-ide-app/src/main/java/org/eclipse/che/ide/upload/file/UploadFileViewImpl.java,33,164,https://github.com/eclipse/che/blob/c5498c2ac562cd8a2fc79a6bb0446d291f05a201/ide/che-core-ide-app/src/main/java/org/eclipse/che/ide/upload/file/UploadFileViewImpl.java/#L33-L164,java
5857991,god_class,class,git@github.com:apache/uima-uimaj.git,e79c33b5a3e4c25afb407e68e98df1829a68e5a7,/uimaj-tools/src/main/java/org/apache/uima/tools/AnnotationViewerMain.java,78,459,https://github.com/apache/uima-uimaj/blob/e79c33b5a3e4c25afb407e68e98df1829a68e5a7/uimaj-tools/src/main/java/org/apache/uima/tools/AnnotationViewerMain.java/#L78-L459,java
8575939,god_class,class,git@github.com:apache/hbase.git,44f8abd5c65c59e9d09f6ad14b3c825f145d8e4f,/hbase-server/src/main/java/org/apache/hadoop/hbase/master/assignment/SplitTableRegionProcedure.java,91,897,https://github.com/apache/hbase/blob/44f8abd5c65c59e9d09f6ad14b3c825f145d8e4f/hbase-server/src/main/java/org/apache/hadoop/hbase/master/assignment/SplitTableRegionProcedure.java/#L91-L897,java
7863608,god_class,class,git@github.com:apache/geode.git,8fd839e8b73e40bd2dfd14f331b587431bd35a66,/geode-core/src/distributedTest/java/org/apache/geode/internal/cache/persistence/PersistentReplicatedTestBase.java,42,242,https://github.com/apache/geode/blob/8fd839e8b73e40bd2dfd14f331b587431bd35a66/geode-core/src/distributedTest/java/org/apache/geode/internal/cache/persistence/PersistentReplicatedTestBase.java/#L42-L242,java
9409389,god_class,class,git@github.com:SAP/SapMachine.git,6e62561730c46dc5000c39665c43951832192ceb,/src/demo/share/jfc/J2Ddemo/java2d/demos/Transforms/TransformAnim.java,386,518,https://github.com/SAP/SapMachine/blob/6e62561730c46dc5000c39665c43951832192ceb/src/demo/share/jfc/J2Ddemo/java2d/demos/Transforms/TransformAnim.java/#L386-L518,java
6350501,god_class,class,git@github.com:eclipse/linuxtools.git,11865e6e7d86a9d2e63c7b25605f6055875e63ad,/systemtap/org.eclipse.linuxtools.systemtap.ui.ide/src/org/eclipse/linuxtools/internal/systemtap/ui/ide/editors/stp/STPIndenter.java,45,2342,https://github.com/eclipse/linuxtools/blob/11865e6e7d86a9d2e63c7b25605f6055875e63ad/systemtap/org.eclipse.linuxtools.systemtap.ui.ide/src/org/eclipse/linuxtools/internal/systemtap/ui/ide/editors/stp/STPIndenter.java/#L45-L2342,java
6594157,god_class,class,git@github.com:epam/DLab.git,34483ee52cf8b79c4e51a54c82171564e5b8d50a,/services/dlab-model/src/main/java/com/epam/dlab/util/CloudSettingsDeserializer.java,36,85,https://github.com/epam/DLab/blob/34483ee52cf8b79c4e51a54c82171564e5b8d50a/services/dlab-model/src/main/java/com/epam/dlab/util/CloudSettingsDeserializer.java/#L36-L85,java
5737990,god_class,class,git@github.com:apache/storm.git,dc56e32f3dcdd9396a827a85029d60ed97474786,/storm-client/src/jvm/org/apache/storm/stats/BoltExecutorStats.java,24,95,https://github.com/apache/storm/blob/dc56e32f3dcdd9396a827a85029d60ed97474786/storm-client/src/jvm/org/apache/storm/stats/BoltExecutorStats.java/#L24-L95,java
4169071,god_class,class,git@github.com:apache/chukwa.git,65f6972859115a4ddad6def06475465f0971e9ae,/src/main/java/org/apache/hadoop/chukwa/util/ConstRateAdaptor.java,41,153,https://github.com/apache/chukwa/blob/65f6972859115a4ddad6def06475465f0971e9ae/src/main/java/org/apache/hadoop/chukwa/util/ConstRateAdaptor.java/#L41-L153,java
8791150,god_class,class,git@github.com:apache/airavata.git,391843a00eefa7b6213e845f2f044b4e042894d5,/modules/registry/registry-server/registry-api-stubs/src/main/java/org/apache/airavata/registry/api/RegistryService.java,139622,139692,https://github.com/apache/airavata/blob/391843a00eefa7b6213e845f2f044b4e042894d5/modules/registry/registry-server/registry-api-stubs/src/main/java/org/apache/airavata/registry/api/RegistryService.java/#L139622-L139692,java
8910909,god_class,class,git@github.com:apache/hive.git,2fa22bf360898dc8fd1408bfcc96e1c6aeaf9a53,/standalone-metastore/metastore-common/src/main/java/org/apache/hadoop/hive/metastore/utils/LogUtils.java,37,149,https://github.com/apache/hive/blob/2fa22bf360898dc8fd1408bfcc96e1c6aeaf9a53/standalone-metastore/metastore-common/src/main/java/org/apache/hadoop/hive/metastore/utils/LogUtils.java/#L37-L149,java
6578541,god_class,class,git@github.com:eclipse/rap.git,6295da95d01da6669c91bd4b058db9b89f35abaf,/bundles/org.eclipse.rap.ui.workbench/Eclipse UI/org/eclipse/ui/internal/AbstractPartSelectionTracker.java,24,167,https://github.com/eclipse/rap/blob/6295da95d01da6669c91bd4b058db9b89f35abaf/bundles/org.eclipse.rap.ui.workbench/Eclipse UI/org/eclipse/ui/internal/AbstractPartSelectionTracker.java/#L24-L167,java
8620968,god_class,class,git@github.com:apache/ignite.git,7a7c407ea41477aae8508bfe871b4e9a67e1b277,/modules/core/src/main/java/org/apache/ignite/internal/processors/cache/distributed/dht/atomic/GridNearAtomicSingleUpdateRequest.java,49,321,https://github.com/apache/ignite/blob/7a7c407ea41477aae8508bfe871b4e9a67e1b277/modules/core/src/main/java/org/apache/ignite/internal/processors/cache/distributed/dht/atomic/GridNearAtomicSingleUpdateRequest.java/#L49-L321,java
6554999,god_class,class,git@github.com:eclipse/rap.git,6295da95d01da6669c91bd4b058db9b89f35abaf,/bundles/org.eclipse.rap.ui.workbench/Eclipse UI/org/eclipse/ui/internal/progress/AnimationManager.java,40,327,https://github.com/eclipse/rap/blob/6295da95d01da6669c91bd4b058db9b89f35abaf/bundles/org.eclipse.rap.ui.workbench/Eclipse UI/org/eclipse/ui/internal/progress/AnimationManager.java/#L40-L327,java
6493535,god_class,class,git@github.com:eclipse/rdf4j.git,6f63df540e30b28e0c8880bea72f85cb88424b03,/queryparser/sparql/src/main/java/org/eclipse/rdf4j/query/parser/sparql/BaseDeclProcessor.java,31,129,https://github.com/eclipse/rdf4j/blob/6f63df540e30b28e0c8880bea72f85cb88424b03/queryparser/sparql/src/main/java/org/eclipse/rdf4j/query/parser/sparql/BaseDeclProcessor.java/#L31-L129,java
7274207,god_class,class,git@github.com:oracle/visualvm.git,d9b10575b53d535e10c6e8c41831ebe38483c65b,/visualvm/libs.profiler/profiler/src/org/graalvm/visualvm/lib/profiler/v2/features/LocksFeatureUI.java,65,192,https://github.com/oracle/visualvm/blob/d9b10575b53d535e10c6e8c41831ebe38483c65b/visualvm/libs.profiler/profiler/src/org/graalvm/visualvm/lib/profiler/v2/features/LocksFeatureUI.java/#L65-L192,java
7206504,god_class,class,git@github.com:oracle/oci-java-sdk.git,76e9cecd7b309d9f12e5efe96c74167c66a98872,/bmc-dns/src/main/java/com/oracle/bmc/dns/model/CreateZoneDetails.java,19,204,https://github.com/oracle/oci-java-sdk/blob/76e9cecd7b309d9f12e5efe96c74167c66a98872/bmc-dns/src/main/java/com/oracle/bmc/dns/model/CreateZoneDetails.java/#L19-L204,java
9074421,god_class,class,git@github.com:eclipse/eclipse.jdt.core.git,24d47c292ed4bd8fdc28b3c2f9afdab1401d025c,/org.eclipse.jdt.apt.core/src/org/eclipse/jdt/apt/core/internal/generatedfile/GeneratedResourceChangeListener.java,46,250,https://github.com/eclipse/eclipse.jdt.core/blob/24d47c292ed4bd8fdc28b3c2f9afdab1401d025c/org.eclipse.jdt.apt.core/src/org/eclipse/jdt/apt/core/internal/generatedfile/GeneratedResourceChangeListener.java/#L46-L250,java
4484891,feature_envy,function,git@github.com:apache/drill.git,5e2251a9fd659b81ebfcd6702ee4ee16b3f7b6b3,/exec/java-exec/src/main/java/org/apache/drill/exec/physical/impl/WriterRecordBatch.java,138,156,https://github.com/apache/drill/blob/5e2251a9fd659b81ebfcd6702ee4ee16b3f7b6b3/exec/java-exec/src/main/java/org/apache/drill/exec/physical/impl/WriterRecordBatch.java/#L138-L156,java
6052388,feature_envy,function,git@github.com:eclipse/dawnsci.git,1131d5c65e9e8ea98141eecee1743cf1053544f4,/org.eclipse.dawnsci.analysis.dataset/src/org/eclipse/dawnsci/analysis/dataset/roi/fitting/EllipseFitter.java,486,512,https://github.com/eclipse/dawnsci/blob/1131d5c65e9e8ea98141eecee1743cf1053544f4/org.eclipse.dawnsci.analysis.dataset/src/org/eclipse/dawnsci/analysis/dataset/roi/fitting/EllipseFitter.java/#L486-L512,java
3807471,feature_envy,function,git@github.com:apache/activemq-artemis.git,5bd5c610195d6f4a3dd1ac28170727003f8a5a54,/artemis-server/src/main/java/org/apache/activemq/artemis/core/management/impl/AddressControlImpl.java,347,363,https://github.com/apache/activemq-artemis/blob/5bd5c610195d6f4a3dd1ac28170727003f8a5a54/artemis-server/src/main/java/org/apache/activemq/artemis/core/management/impl/AddressControlImpl.java/#L347-L363,java
8966555,feature_envy,function,git@github.com:apache/hive.git,2fa22bf360898dc8fd1408bfcc96e1c6aeaf9a53,/standalone-metastore/metastore-common/src/gen/thrift/gen-javabean/org/apache/hadoop/hive/metastore/api/ThriftHiveMetastore.java,181787,181806,https://github.com/apache/hive/blob/2fa22bf360898dc8fd1408bfcc96e1c6aeaf9a53/standalone-metastore/metastore-common/src/gen/thrift/gen-javabean/org/apache/hadoop/hive/metastore/api/ThriftHiveMetastore.java/#L181787-L181806,java
5207888,feature_envy,function,git@github.com:apache/nifi-registry.git,563bfeda9766b7fe9d4480c55ac7212679db10c8,/nifi-registry-core/nifi-registry-framework/src/main/java/org/apache/nifi/registry/provider/flow/git/GitFlowPersistenceProvider.java,332,349,https://github.com/apache/nifi-registry/blob/563bfeda9766b7fe9d4480c55ac7212679db10c8/nifi-registry-core/nifi-registry-framework/src/main/java/org/apache/nifi/registry/provider/flow/git/GitFlowPersistenceProvider.java/#L332-L349,java
4784081,feature_envy,function,git@github.com:apache/incubator-sentry.git,4643f988a5e0ce2b9749e6365edea3a16482de86,/sentry-hdfs/sentry-hdfs-common/src/gen/thrift/gen-javabean/org/apache/sentry/hdfs/service/thrift/SentryHDFSService.java,1004,1010,https://github.com/apache/incubator-sentry/blob/4643f988a5e0ce2b9749e6365edea3a16482de86/sentry-hdfs/sentry-hdfs-common/src/gen/thrift/gen-javabean/org/apache/sentry/hdfs/service/thrift/SentryHDFSService.java/#L1004-L1010,java
5340257,feature_envy,function,git@github.com:apache/nifi.git,c8eff590efa3babcda0b755009224dcac168708b,/nifi-nar-bundles/nifi-framework-bundle/nifi-framework/nifi-framework-core/src/main/java/org/apache/nifi/controller/repository/VolatileContentRepository.java,397,418,https://github.com/apache/nifi/blob/c8eff590efa3babcda0b755009224dcac168708b/nifi-nar-bundles/nifi-framework-bundle/nifi-framework/nifi-framework-core/src/main/java/org/apache/nifi/controller/repository/VolatileContentRepository.java/#L397-L418,java
3922485,feature_envy,function,git@github.com:apache/aries-rsa.git,f5aa5ca62c3948d7e471c3a839089180650cf4f2,/provider/fastbin/src/main/java/org/apache/aries/rsa/provider/fastbin/tcp/TcpTransport.java,150,163,https://github.com/apache/aries-rsa/blob/f5aa5ca62c3948d7e471c3a839089180650cf4f2/provider/fastbin/src/main/java/org/apache/aries/rsa/provider/fastbin/tcp/TcpTransport.java/#L150-L163,java
8655527,feature_envy,function,git@github.com:apache/ignite.git,7a7c407ea41477aae8508bfe871b4e9a67e1b277,/modules/core/src/main/java/org/apache/ignite/internal/processors/platform/messaging/PlatformMessaging.java,185,195,https://github.com/apache/ignite/blob/7a7c407ea41477aae8508bfe871b4e9a67e1b277/modules/core/src/main/java/org/apache/ignite/internal/processors/platform/messaging/PlatformMessaging.java/#L185-L195,java
4256584,feature_envy,function,git@github.com:apache/commons-net.git,fb7aae4c64f7d2bf6dced00c49c3ffc428b2d572,/src/main/java/org/apache/commons/net/discard/DiscardUDPClient.java,63,71,https://github.com/apache/commons-net/blob/fb7aae4c64f7d2bf6dced00c49c3ffc428b2d572/src/main/java/org/apache/commons/net/discard/DiscardUDPClient.java/#L63-L71,java
3927368,feature_envy,function,git@github.com:apache/accumulo.git,f896c98c2356a52dfa2235d2cc02ae556ab17909,/proxy/src/main/java/org/apache/accumulo/proxy/thrift/AccumuloProxy.java,28634,28646,https://github.com/apache/accumulo/blob/f896c98c2356a52dfa2235d2cc02ae556ab17909/proxy/src/main/java/org/apache/accumulo/proxy/thrift/AccumuloProxy.java/#L28634-L28646,java
5226222,feature_envy,function,git@github.com:apache/olingo-odata2.git,c5e9fdf569b5e2e50f5670c91013db8f9ae1d950,/odata2-jpa-processor/jpa-api/src/main/java/org/apache/olingo/odata2/jpa/processor/api/ODataJPADefaultProcessor.java,270,297,https://github.com/apache/olingo-odata2/blob/c5e9fdf569b5e2e50f5670c91013db8f9ae1d950/odata2-jpa-processor/jpa-api/src/main/java/org/apache/olingo/odata2/jpa/processor/api/ODataJPADefaultProcessor.java/#L270-L297,java
6036658,feature_envy,function,git@github.com:eclipse/concierge.git,4c73cacebc5ecbdef24d4256ab506359294f7a55,/framework/org.eclipse.concierge/src/org/eclipse/concierge/Resources.java,626,640,https://github.com/eclipse/concierge/blob/4c73cacebc5ecbdef24d4256ab506359294f7a55/framework/org.eclipse.concierge/src/org/eclipse/concierge/Resources.java/#L626-L640,java
3940072,feature_envy,function,git@github.com:apache/aries.git,52293d20268de7c98833846ded2b70d6476773de,/subsystem/subsystem-core/src/main/java/org/apache/aries/subsystem/core/internal/ResolveContext.java,158,179,https://github.com/apache/aries/blob/52293d20268de7c98833846ded2b70d6476773de/subsystem/subsystem-core/src/main/java/org/apache/aries/subsystem/core/internal/ResolveContext.java/#L158-L179,java
4081252,feature_envy,function,git@github.com:apache/asterixdb.git,223d13a06c4a4a58408aeac19674ac1f36f5ff35,/hyracks-fullstack/hyracks/hyracks-storage-am-lsm-rtree/src/main/java/org/apache/hyracks/storage/am/lsm/rtree/dataflow/LSMRTreeWithAntiMatterLocalResource.java,96,109,https://github.com/apache/asterixdb/blob/223d13a06c4a4a58408aeac19674ac1f36f5ff35/hyracks-fullstack/hyracks/hyracks-storage-am-lsm-rtree/src/main/java/org/apache/hyracks/storage/am/lsm/rtree/dataflow/LSMRTreeWithAntiMatterLocalResource.java/#L96-L109,java
7944714,feature_envy,function,git@github.com:eclipse/xtext-extras.git,5634c291880cd46fe2f8e9a47e48ef88b85e8bda,/org.eclipse.xtext.common.types/src/org/eclipse/xtext/common/types/access/reflect/ReflectionTypeFactory.java,618,646,https://github.com/eclipse/xtext-extras/blob/5634c291880cd46fe2f8e9a47e48ef88b85e8bda/org.eclipse.xtext.common.types/src/org/eclipse/xtext/common/types/access/reflect/ReflectionTypeFactory.java/#L618-L646,java
6318697,feature_envy,function,git@github.com:eclipse/kapua.git,11e610c657f7e473b52882833e33a2261bd3d67d,/console/module/device/src/main/java/org/eclipse/kapua/app/console/module/device/client/device/bundles/DeviceTabBundles.java,111,132,https://github.com/eclipse/kapua/blob/11e610c657f7e473b52882833e33a2261bd3d67d/console/module/device/src/main/java/org/eclipse/kapua/app/console/module/device/client/device/bundles/DeviceTabBundles.java/#L111-L132,java
8295253,feature_envy,function,git@github.com:apache/james-project.git,fa24a096a5853459c3769a34ccc68feb91626bfa,/mailbox/elasticsearch/src/main/java/org/apache/james/mailbox/elasticsearch/query/CriterionConverter.java,132,139,https://github.com/apache/james-project/blob/fa24a096a5853459c3769a34ccc68feb91626bfa/mailbox/elasticsearch/src/main/java/org/apache/james/mailbox/elasticsearch/query/CriterionConverter.java/#L132-L139,java
6547794,feature_envy,function,git@github.com:eclipse/rap.git,6295da95d01da6669c91bd4b058db9b89f35abaf,/bundles/org.eclipse.rap.ui.workbench/Eclipse UI/org/eclipse/ui/internal/Workbench.java,1931,1935,https://github.com/eclipse/rap/blob/6295da95d01da6669c91bd4b058db9b89f35abaf/bundles/org.eclipse.rap.ui.workbench/Eclipse UI/org/eclipse/ui/internal/Workbench.java/#L1931-L1935,java
9108325,feature_envy,function,git@github.com:eclipse/birt.git,f89264810347de98702db45386a822aabc0fadbf,/UI/org.eclipse.birt.report.designer.ui.data/src/org/eclipse/birt/report/designer/data/ui/actions/EditDataSourceAction.java,59,70,https://github.com/eclipse/birt/blob/f89264810347de98702db45386a822aabc0fadbf/UI/org.eclipse.birt.report.designer.ui.data/src/org/eclipse/birt/report/designer/data/ui/actions/EditDataSourceAction.java/#L59-L70,java
7777067,feature_envy,function,git@github.com:apache/incubator-druid.git,8ca7cb4886dcaeeaaea3a06aceb9e6d50eeecab5,/processing/src/main/java/org/apache/druid/segment/virtual/ExpressionSelectors.java,311,327,https://github.com/apache/incubator-druid/blob/8ca7cb4886dcaeeaaea3a06aceb9e6d50eeecab5/processing/src/main/java/org/apache/druid/segment/virtual/ExpressionSelectors.java/#L311-L327,java
4402431,feature_envy,function,git@github.com:apache/cxf.git,6bf89e9c8804c8845ec4d38583dd33eea8256439,/rt/rs/security/jose-parent/jose/src/main/java/org/apache/cxf/rs/security/jose/jwk/JwkUtils.java,448,469,https://github.com/apache/cxf/blob/6bf89e9c8804c8845ec4d38583dd33eea8256439/rt/rs/security/jose-parent/jose/src/main/java/org/apache/cxf/rs/security/jose/jwk/JwkUtils.java/#L448-L469,java
4959879,feature_envy,function,git@github.com:apache/jclouds.git,c2670079fabe74f163f43fbade0866469f7a84ec,/compute/src/main/java/org/jclouds/compute/predicates/OperatingSystemPredicates.java,38,59,https://github.com/apache/jclouds/blob/c2670079fabe74f163f43fbade0866469f7a84ec/compute/src/main/java/org/jclouds/compute/predicates/OperatingSystemPredicates.java/#L38-L59,java
5456950,feature_envy,function,git@github.com:apache/pulsar.git,044daf8d61328265640a5b3e5008fc04fac73efa,/pulsar-broker/src/main/java/org/apache/pulsar/broker/loadbalance/impl/SimpleLoadManagerImpl.java,1069,1074,https://github.com/apache/pulsar/blob/044daf8d61328265640a5b3e5008fc04fac73efa/pulsar-broker/src/main/java/org/apache/pulsar/broker/loadbalance/impl/SimpleLoadManagerImpl.java/#L1069-L1074,java
6729098,feature_envy,function,git@github.com:eclipse/webtools.sourceediting.git,fe6d03fa6ca31c9e5ebeba67b32f14d14335657d,/xml/bundles/org.eclipse.wst.xsd.ui/src-adt-xsd/org/eclipse/wst/xsd/ui/internal/adapters/XSDWildcardAdapter.java,46,66,https://github.com/eclipse/webtools.sourceediting/blob/fe6d03fa6ca31c9e5ebeba67b32f14d14335657d/xml/bundles/org.eclipse.wst.xsd.ui/src-adt-xsd/org/eclipse/wst/xsd/ui/internal/adapters/XSDWildcardAdapter.java/#L46-L66,java
4352708,feature_envy,function,git@github.com:apache/derby.git,bd246fc89d4fce3f82f8344074ecb8a4713418df,/java/org.apache.derby.engine/org/apache/derby/impl/sql/compile/NormalizeResultSetNode.java,561,612,https://github.com/apache/derby/blob/bd246fc89d4fce3f82f8344074ecb8a4713418df/java/org.apache.derby.engine/org/apache/derby/impl/sql/compile/NormalizeResultSetNode.java/#L561-L612,java
4109372,data_class,class,git@github.com:apache/brooklyn-server.git,880eb1da00f6358d7fd76d065322e3685bfb1a04,/core/src/main/java/org/apache/brooklyn/core/sensor/BasicAttributeSensor.java,31,67,https://github.com/apache/brooklyn-server/blob/880eb1da00f6358d7fd76d065322e3685bfb1a04/core/src/main/java/org/apache/brooklyn/core/sensor/BasicAttributeSensor.java/#L31-L67,java
6263358,data_class,class,git@github.com:eclipse/ice.git,3f6e0265f5b476ff90a660397ce83992944142c4,/org.eclipse.ice.reactor.plant/src/org/eclipse/ice/reactor/plant/Subchannel.java,25,303,https://github.com/eclipse/ice/blob/3f6e0265f5b476ff90a660397ce83992944142c4/org.eclipse.ice.reactor.plant/src/org/eclipse/ice/reactor/plant/Subchannel.java/#L25-L303,java
5589404,data_class,class,git@github.com:apache/poi.git,351623a86924dab9c565e08e8cecfe151522c448,/src/scratchpad/src/org/apache/poi/hwpf/model/types/LFOAbstractType.java,38,290,https://github.com/apache/poi/blob/351623a86924dab9c565e08e8cecfe151522c448/src/scratchpad/src/org/apache/poi/hwpf/model/types/LFOAbstractType.java/#L38-L290,java
7812575,data_class,class,git@github.com:apache/geode.git,8fd839e8b73e40bd2dfd14f331b587431bd35a66,/geode-core/src/main/java/org/apache/geode/management/internal/beans/MemberMBeanBridge.java,119,1725,https://github.com/apache/geode/blob/8fd839e8b73e40bd2dfd14f331b587431bd35a66/geode-core/src/main/java/org/apache/geode/management/internal/beans/MemberMBeanBridge.java/#L119-L1725,java
7961199,data_class,class,git@github.com:eclipse/titan.EclipsePlug-ins.git,92bae808bfd4757c9a2f7cc0e59cd17ad801394c,/org.eclipse.titan.runtime/src/org/eclipse/titan/runtime/core/Param_Types.java,585,609,https://github.com/eclipse/titan.EclipsePlug-ins/blob/92bae808bfd4757c9a2f7cc0e59cd17ad801394c/org.eclipse.titan.runtime/src/org/eclipse/titan/runtime/core/Param_Types.java/#L585-L609,java
6785826,data_class,class,git@github.com:facebook/facebook-java-business-sdk.git,561f1a75e1220b55a160a1b92b0187f72be9cd08,/src/main/java/com/facebook/ads/sdk/AdCampaignActivity.java,610,1160,https://github.com/facebook/facebook-java-business-sdk/blob/561f1a75e1220b55a160a1b92b0187f72be9cd08/src/main/java/com/facebook/ads/sdk/AdCampaignActivity.java/#L610-L1160,java
7801178,data_class,class,git@github.com:apache/geode.git,8fd839e8b73e40bd2dfd14f331b587431bd35a66,/geode-core/src/main/java/org/apache/geode/internal/cache/DiskId.java,531,564,https://github.com/apache/geode/blob/8fd839e8b73e40bd2dfd14f331b587431bd35a66/geode-core/src/main/java/org/apache/geode/internal/cache/DiskId.java/#L531-L564,java
4453800,data_class,class,git@github.com:apache/drill.git,5e2251a9fd659b81ebfcd6702ee4ee16b3f7b6b3,/exec/java-exec/src/main/java/org/apache/drill/exec/planner/common/DrillScanRelBase.java,39,89,https://github.com/apache/drill/blob/5e2251a9fd659b81ebfcd6702ee4ee16b3f7b6b3/exec/java-exec/src/main/java/org/apache/drill/exec/planner/common/DrillScanRelBase.java/#L39-L89,java
8749806,data_class,class,git@github.com:apache/hadoop-common.git,42a61a4fbc88303913c4681f0d40ffcc737e70b5,/hadoop-mapreduce-project/hadoop-mapreduce-client/hadoop-mapreduce-client-core/src/main/java/org/apache/hadoop/mapred/MapOutputCollector.java,40,64,https://github.com/apache/hadoop-common/blob/42a61a4fbc88303913c4681f0d40ffcc737e70b5/hadoop-mapreduce-project/hadoop-mapreduce-client/hadoop-mapreduce-client-core/src/main/java/org/apache/hadoop/mapred/MapOutputCollector.java/#L40-L64,java
8564291,data_class,class,git@github.com:apache/hbase.git,44f8abd5c65c59e9d09f6ad14b3c825f145d8e4f,/hbase-common/src/main/java/org/apache/hadoop/hbase/io/encoding/BufferedDataBlockEncoder.java,282,478,https://github.com/apache/hbase/blob/44f8abd5c65c59e9d09f6ad14b3c825f145d8e4f/hbase-common/src/main/java/org/apache/hadoop/hbase/io/encoding/BufferedDataBlockEncoder.java/#L282-L478,java
7457996,data_class,class,git@github.com:spring-projects/spring-data-examples.git,ccae97890f85a3eaf8f4e05a1a07696e2b1e78a4,/jpa/deferred/src/main/java/example/model/Customer388.java,8,27,https://github.com/spring-projects/spring-data-examples/blob/ccae97890f85a3eaf8f4e05a1a07696e2b1e78a4/jpa/deferred/src/main/java/example/model/Customer388.java/#L8-L27,java
9369034,data_class,class,git@github.com:SAP/SapMachine.git,6e62561730c46dc5000c39665c43951832192ceb,/src/jdk.net/macosx/classes/jdk/net/MacOSXSocketOptions.java,32,85,https://github.com/SAP/SapMachine/blob/6e62561730c46dc5000c39665c43951832192ceb/src/jdk.net/macosx/classes/jdk/net/MacOSXSocketOptions.java/#L32-L85,java
8273753,data_class,class,git@github.com:apache/james-project.git,fa24a096a5853459c3769a34ccc68feb91626bfa,/server/testing/src/main/java/org/apache/james/junit/TemporaryFolderExtension.java,34,79,https://github.com/apache/james-project/blob/fa24a096a5853459c3769a34ccc68feb91626bfa/server/testing/src/main/java/org/apache/james/junit/TemporaryFolderExtension.java/#L34-L79,java
5670026,data_class,class,git@github.com:apache/streams.git,5427e72d02bd7f1904da05cdf033359690d2dd00,/streams-core/src/main/java/org/apache/streams/core/StreamsDatum.java,30,167,https://github.com/apache/streams/blob/5427e72d02bd7f1904da05cdf033359690d2dd00/streams-core/src/main/java/org/apache/streams/core/StreamsDatum.java/#L30-L167,java
7303656,data_class,class,git@github.com:Microsoft/team-explorer-everywhere.git,89ab2a4847aec8ec2afdf36c3f6287dd03bd558d,/source/com.microsoft.tfs.core/src/com/microsoft/tfs/core/clients/versioncontrol/ResolutionOptions.java,17,213,https://github.com/Microsoft/team-explorer-everywhere/blob/89ab2a4847aec8ec2afdf36c3f6287dd03bd558d/source/com.microsoft.tfs.core/src/com/microsoft/tfs/core/clients/versioncontrol/ResolutionOptions.java/#L17-L213,java
8822271,data_class,class,git@github.com:apache/airavata.git,391843a00eefa7b6213e845f2f044b4e042894d5,/modules/registry/registry-server/registry-api-stubs/src/main/java/org/apache/airavata/registry/api/RegistryService.java,72161,72513,https://github.com/apache/airavata/blob/391843a00eefa7b6213e845f2f044b4e042894d5/modules/registry/registry-server/registry-api-stubs/src/main/java/org/apache/airavata/registry/api/RegistryService.java/#L72161-L72513,java
8299961,data_class,class,git@github.com:eclipse/acceleo.git,3b0576ceff41c61c97f94fba4020adbab691bd68,/plugins/org.eclipse.acceleo.compatibility/src-gen/org/eclipse/acceleo/compatibility/model/mt/statements/impl/TextImpl.java,31,168,https://github.com/eclipse/acceleo/blob/3b0576ceff41c61c97f94fba4020adbab691bd68/plugins/org.eclipse.acceleo.compatibility/src-gen/org/eclipse/acceleo/compatibility/model/mt/statements/impl/TextImpl.java/#L31-L168,java
7113247,data_class,class,git@github.com:google/j2objc.git,471504a735b48d5d4ace51afa1542cc4790a921a,/jre_emul/android/platform/libcore/ojluni/src/main/java/java/security/KeyStore.java,528,564,https://github.com/google/j2objc/blob/471504a735b48d5d4ace51afa1542cc4790a921a/jre_emul/android/platform/libcore/ojluni/src/main/java/java/security/KeyStore.java/#L528-L564,java
6164729,data_class,class,git@github.com:eclipse/che.git,c5498c2ac562cd8a2fc79a6bb0446d291f05a201,/core/che-core-typescript-dto-maven-plugin/src/main/java/org/eclipse/che/plugin/typescript/dto/model/FieldAttributeModel.java,29,214,https://github.com/eclipse/che/blob/c5498c2ac562cd8a2fc79a6bb0446d291f05a201/core/che-core-typescript-dto-maven-plugin/src/main/java/org/eclipse/che/plugin/typescript/dto/model/FieldAttributeModel.java/#L29-L214,java
5055368,data_class,class,git@github.com:apache/jena.git,1cca775bbf0bb0fd3ee8ac55e31f0f30cdde3b77,/jena-arq/src/main/java/org/apache/jena/sparql/util/IsoMatcher.java,113,122,https://github.com/apache/jena/blob/1cca775bbf0bb0fd3ee8ac55e31f0f30cdde3b77/jena-arq/src/main/java/org/apache/jena/sparql/util/IsoMatcher.java/#L113-L122,java
8169750,data_class,class,git@github.com:apache/activemq.git,ccf56875b0660214e0a61bd2f8adc418143551fc,/activemq-kahadb-store/src/main/java/org/apache/activemq/store/kahadb/MessageDatabase.java,2313,2340,https://github.com/apache/activemq/blob/ccf56875b0660214e0a61bd2f8adc418143551fc/activemq-kahadb-store/src/main/java/org/apache/activemq/store/kahadb/MessageDatabase.java/#L2313-L2340,java
7588520,data_class,class,git@github.com:spring-projects/spring-framework.git,3a0f309e2c9fdbbf7fb2d348be861528177f8555,/spring-webmvc/src/main/java/org/springframework/web/servlet/tags/Param.java,32,77,https://github.com/spring-projects/spring-framework/blob/3a0f309e2c9fdbbf7fb2d348be861528177f8555/spring-webmvc/src/main/java/org/springframework/web/servlet/tags/Param.java/#L32-L77,java
4468635,data_class,class,git@github.com:apache/drill.git,5e2251a9fd659b81ebfcd6702ee4ee16b3f7b6b3,/exec/jdbc/src/main/java/org/apache/drill/jdbc/impl/DrillMetaImpl.java,160,222,https://github.com/apache/drill/blob/5e2251a9fd659b81ebfcd6702ee4ee16b3f7b6b3/exec/jdbc/src/main/java/org/apache/drill/jdbc/impl/DrillMetaImpl.java/#L160-L222,java
4432196,data_class,class,git@github.com:apache/eagle.git,7ac9421c2c27d12ae88f001866b4444310fcaa3f,/eagle-jpm/eagle-hadoop-queue/src/main/java/org/apache/eagle/hadoop/queue/model/scheduler/SchedulerInfo.java,24,83,https://github.com/apache/eagle/blob/7ac9421c2c27d12ae88f001866b4444310fcaa3f/eagle-jpm/eagle-hadoop-queue/src/main/java/org/apache/eagle/hadoop/queue/model/scheduler/SchedulerInfo.java/#L24-L83,java
9095246,data_class,class,git@github.com:oracle/fastr.git,a1ee49060317621c0c9eceea8ec60040aca59b2d,/com.oracle.truffle.r.runtime/src/com/oracle/truffle/r/runtime/StableValue.java,28,50,https://github.com/oracle/fastr/blob/a1ee49060317621c0c9eceea8ec60040aca59b2d/com.oracle.truffle.r.runtime/src/com/oracle/truffle/r/runtime/StableValue.java/#L28-L50,java
3797964,data_class,class,git@github.com:alibaba/jstorm.git,5d6cde22dbca7df3d6e6830bf94f98a6639ab559,/example/sequence-split-merge/src/main/java/com/alipay/dw/jstorm/transcation/TransactionalGlobalCount.java,93,96,https://github.com/alibaba/jstorm/blob/5d6cde22dbca7df3d6e6830bf94f98a6639ab559/example/sequence-split-merge/src/main/java/com/alipay/dw/jstorm/transcation/TransactionalGlobalCount.java/#L93-L96,java
3954827,data_class,class,git@github.com:apache/apex-malhar.git,1acaf15f425d72f19bb590c667987ed5d81d7f25,/library/src/main/java/org/apache/apex/malhar/lib/db/jdbc/JdbcFieldInfo.java,32,60,https://github.com/apache/apex-malhar/blob/1acaf15f425d72f19bb590c667987ed5d81d7f25/library/src/main/java/org/apache/apex/malhar/lib/db/jdbc/JdbcFieldInfo.java/#L32-L60,java
8192759,data_class,class,git@github.com:apache/commons-jelly.git,48c008cc2328402e0976295625b32c5197ba2324,/jelly-tags/define/src/main/java/org/apache/commons/jelly/tags/define/TagTag.java,32,57,https://github.com/apache/commons-jelly/blob/48c008cc2328402e0976295625b32c5197ba2324/jelly-tags/define/src/main/java/org/apache/commons/jelly/tags/define/TagTag.java/#L32-L57,java
6207228,data_class,class,git@github.com:eclipse/che.git,c5498c2ac562cd8a2fc79a6bb0446d291f05a201,/ide/che-core-ide-api/src/main/java/org/eclipse/che/ide/api/editor/partition/ConstantPartitioner.java,22,103,https://github.com/eclipse/che/blob/c5498c2ac562cd8a2fc79a6bb0446d291f05a201/ide/che-core-ide-api/src/main/java/org/eclipse/che/ide/api/editor/partition/ConstantPartitioner.java/#L22-L103,java
3974797,data_class,class,git@github.com:apache/avro.git,1119b6eb5b92730b27e9798793bc67f192591c15,/lang/java/mapred/src/main/java/org/apache/avro/mapred/AvroWrapper.java,22,61,https://github.com/apache/avro/blob/1119b6eb5b92730b27e9798793bc67f192591c15/lang/java/mapred/src/main/java/org/apache/avro/mapred/AvroWrapper.java/#L22-L61,java
6254667,data_class,class,git@github.com:eclipse/hawkbit.git,51be28147f6f575b6c1ab4a5ef84ffd9174f1209,/hawkbit-repository/hawkbit-repository-api/src/main/java/org/eclipse/hawkbit/repository/FilterParams.java,22,123,https://github.com/eclipse/hawkbit/blob/51be28147f6f575b6c1ab4a5ef84ffd9174f1209/hawkbit-repository/hawkbit-repository-api/src/main/java/org/eclipse/hawkbit/repository/FilterParams.java/#L22-L123,java
5388415,data_class,class,git@github.com:apache/phoenix.git,69e5bb0b304a53967cef40b2a4cfc66e69ecaa51,/phoenix-core/src/main/java/org/apache/phoenix/schema/stats/StatisticsCollectionRunTracker.java,129,159,https://github.com/apache/phoenix/blob/69e5bb0b304a53967cef40b2a4cfc66e69ecaa51/phoenix-core/src/main/java/org/apache/phoenix/schema/stats/StatisticsCollectionRunTracker.java/#L129-L159,java
6573709,data_class,class,git@github.com:eclipse/rap.git,6295da95d01da6669c91bd4b058db9b89f35abaf,/bundles/org.eclipse.rap.ui.workbench/Eclipse UI/org/eclipse/ui/IViewReference.java,22,45,https://github.com/eclipse/rap/blob/6295da95d01da6669c91bd4b058db9b89f35abaf/bundles/org.eclipse.rap.ui.workbench/Eclipse UI/org/eclipse/ui/IViewReference.java/#L22-L45,java
8187132,data_class,class,git@github.com:apache/activemq.git,ccf56875b0660214e0a61bd2f8adc418143551fc,/activemq-broker/src/main/java/org/apache/activemq/broker/TransportConnectionState.java,27,74,https://github.com/apache/activemq/blob/ccf56875b0660214e0a61bd2f8adc418143551fc/activemq-broker/src/main/java/org/apache/activemq/broker/TransportConnectionState.java/#L27-L74,java
7762191,data_class,class,git@github.com:apache/incubator-druid.git,8ca7cb4886dcaeeaaea3a06aceb9e6d50eeecab5,/indexing-service/src/main/java/org/apache/druid/indexing/worker/WorkerHistoryItem.java,64,89,https://github.com/apache/incubator-druid/blob/8ca7cb4886dcaeeaaea3a06aceb9e6d50eeecab5/indexing-service/src/main/java/org/apache/druid/indexing/worker/WorkerHistoryItem.java/#L64-L89,java
3791832,data_class,class,git@github.com:alibaba/jstorm.git,5d6cde22dbca7df3d6e6830bf94f98a6639ab559,/jstorm-core/src/main/java/backtype/storm/tuple/TupleImpl.java,37,356,https://github.com/alibaba/jstorm/blob/5d6cde22dbca7df3d6e6830bf94f98a6639ab559/jstorm-core/src/main/java/backtype/storm/tuple/TupleImpl.java/#L37-L356,java
9136234,data_class,class,git@github.com:eclipse/birt.git,f89264810347de98702db45386a822aabc0fadbf,/UI/org.eclipse.birt.report.designer.ui/src/org/eclipse/birt/report/designer/ui/preferences/ItemContent.java,22,112,https://github.com/eclipse/birt/blob/f89264810347de98702db45386a822aabc0fadbf/UI/org.eclipse.birt.report.designer.ui/src/org/eclipse/birt/report/designer/ui/preferences/ItemContent.java/#L22-L112,java
5354848,data_class,class,git@github.com:apache/openejb.git,f10c077ade927d73bdbd9ed4cc28b79f58a1cd66,/openejb/container/openejb-jee/src/main/java/org/apache/openejb/jee/was/v6/ecore/EObject.java,57,262,https://github.com/apache/openejb/blob/f10c077ade927d73bdbd9ed4cc28b79f58a1cd66/openejb/container/openejb-jee/src/main/java/org/apache/openejb/jee/was/v6/ecore/EObject.java/#L57-L262,java
6293765,data_class,class,git@github.com:eclipse/jetty.project.git,65528f76c5ef6ddca11385f9721c8f0bc5f2eed7,/jetty-websocket/websocket-api/src/main/java/org/eclipse/jetty/websocket/api/UpgradeRequest.java,32,323,https://github.com/eclipse/jetty.project/blob/65528f76c5ef6ddca11385f9721c8f0bc5f2eed7/jetty-websocket/websocket-api/src/main/java/org/eclipse/jetty/websocket/api/UpgradeRequest.java/#L32-L323,java
6281870,data_class,class,git@github.com:eclipse/jetty.project.git,65528f76c5ef6ddca11385f9721c8f0bc5f2eed7,/jetty-util/src/main/java/org/eclipse/jetty/util/ProcessorUtils.java,27,66,https://github.com/eclipse/jetty.project/blob/65528f76c5ef6ddca11385f9721c8f0bc5f2eed7/jetty-util/src/main/java/org/eclipse/jetty/util/ProcessorUtils.java/#L27-L66,java
3977344,data_class,class,git@github.com:apache/attic-polygene-java.git,031beef870302a0bd01bd5895ce849e00f2d5d5b,/core/runtime/src/main/java/org/apache/polygene/runtime/value/ReferenceProperty.java,28,54,https://github.com/apache/attic-polygene-java/blob/031beef870302a0bd01bd5895ce849e00f2d5d5b/core/runtime/src/main/java/org/apache/polygene/runtime/value/ReferenceProperty.java/#L28-L54,java
6463026,data_class,class,git@github.com:eclipse/packagedrone.git,3869c1643cdc6f7cb8b26097a7b6994683b13d7e,/bundles/org.eclipse.packagedrone.repo.utils.osgi/src/org/eclipse/packagedrone/repo/utils/osgi/bundle/BundleInformation.java,377,406,https://github.com/eclipse/packagedrone/blob/3869c1643cdc6f7cb8b26097a7b6994683b13d7e/bundles/org.eclipse.packagedrone.repo.utils.osgi/src/org/eclipse/packagedrone/repo/utils/osgi/bundle/BundleInformation.java/#L377-L406,java
5153171,non_smells,class,git@github.com:apache/meecrowave.git,d1392c88faf48c8a3a3c544949d6ebcdfbd25229,/meecrowave-oauth2/src/main/java/org/apache/meecrowave/oauth2/resource/OAuth2TokenService.java,41,80,https://github.com/apache/meecrowave/blob/d1392c88faf48c8a3a3c544949d6ebcdfbd25229/meecrowave-oauth2/src/main/java/org/apache/meecrowave/oauth2/resource/OAuth2TokenService.java/#L41-L80,java
5097365,non_smells,class,git@github.com:apache/marmotta.git,28c9b8b0791ea1693578af302981a1358e56933d,/platform/marmotta-core/src/main/java/org/apache/marmotta/platform/core/logging/SystemLoggingModule.java,32,87,https://github.com/apache/marmotta/blob/28c9b8b0791ea1693578af302981a1358e56933d/platform/marmotta-core/src/main/java/org/apache/marmotta/platform/core/logging/SystemLoggingModule.java/#L32-L87,java
4672583,non_smells,function,git@github.com:apache/hadoop-mapreduce.git,307cb5b316e10defdbbc228d8cdcdb627191ea15,/src/java/org/apache/hadoop/mapred/JobInProgress.java,1586,1597,https://github.com/apache/hadoop-mapreduce/blob/307cb5b316e10defdbbc228d8cdcdb627191ea15/src/java/org/apache/hadoop/mapred/JobInProgress.java/#L1586-L1597,java
9234588,non_smells,class,git@github.com:SAP/SapMachine.git,6e62561730c46dc5000c39665c43951832192ceb,/src/java.base/share/classes/sun/security/ssl/SupportedGroupsExtension.java,904,975,https://github.com/SAP/SapMachine/blob/6e62561730c46dc5000c39665c43951832192ceb/src/java.base/share/classes/sun/security/ssl/SupportedGroupsExtension.java/#L904-L975,java
5638052,non_smells,function,git@github.com:apache/royale-compiler.git,fbd9bc3b9e48c80dbd8c1d32a6f83221e314efdd,/flex-compiler-oem/src/main/java/flex2/compiler/common/CompilerConfiguration.java,426,435,https://github.com/apache/royale-compiler/blob/fbd9bc3b9e48c80dbd8c1d32a6f83221e314efdd/flex-compiler-oem/src/main/java/flex2/compiler/common/CompilerConfiguration.java/#L426-L435,java
8152579,non_smells,function,git@github.com:apache/axis1-java.git,7043f1ab0397d1ae35f879f2bcc99be1e9b55644,/axis-rt-transport-jms/src/main/java/org/apache/axis/transport/jms/JMSEndpoint.java,106,110,https://github.com/apache/axis1-java/blob/7043f1ab0397d1ae35f879f2bcc99be1e9b55644/axis-rt-transport-jms/src/main/java/org/apache/axis/transport/jms/JMSEndpoint.java/#L106-L110,java
5573352,non_smells,class,git@github.com:apache/servicecomb-java-chassis.git,72cd0e137c4a0c3b899adfa6e19e2fd590743014,/metrics/metrics-core/src/main/java/org/apache/servicecomb/metrics/core/meter/invocation/EdgeInvocationMeters.java,23,32,https://github.com/apache/servicecomb-java-chassis/blob/72cd0e137c4a0c3b899adfa6e19e2fd590743014/metrics/metrics-core/src/main/java/org/apache/servicecomb/metrics/core/meter/invocation/EdgeInvocationMeters.java/#L23-L32,java
7017732,non_smells,class,git@github.com:google/volley.git,95a6796c40f570a723a73d9360dddbd0994ed1d4,/src/main/java/com/android/volley/TimeoutError.java,20,21,https://github.com/google/volley/blob/95a6796c40f570a723a73d9360dddbd0994ed1d4/src/main/java/com/android/volley/TimeoutError.java/#L20-L21,java
4168378,non_smells,class,git@github.com:apache/chukwa.git,65f6972859115a4ddad6def06475465f0971e9ae,/src/main/java/org/apache/hadoop/chukwa/analysis/salsa/fsm/FSMIntermedEntryPartitioner.java,25,39,https://github.com/apache/chukwa/blob/65f6972859115a4ddad6def06475465f0971e9ae/src/main/java/org/apache/hadoop/chukwa/analysis/salsa/fsm/FSMIntermedEntryPartitioner.java/#L25-L39,java
4221494,non_smells,class,git@github.com:apache/cassandra.git,e191aff385053bdb5325f15bc6d16d2dc0ee0589,/src/java/org/apache/cassandra/hadoop/cql3/CqlOutputFormat.java,55,143,https://github.com/apache/cassandra/blob/e191aff385053bdb5325f15bc6d16d2dc0ee0589/src/java/org/apache/cassandra/hadoop/cql3/CqlOutputFormat.java/#L55-L143,java
7306229,non_smells,function,git@github.com:Microsoft/team-explorer-everywhere.git,89ab2a4847aec8ec2afdf36c3f6287dd03bd558d,/source/com.microsoft.tfs.core/src/com/microsoft/tfs/core/clients/build/internal/soapextensions/BuildController.java,317,325,https://github.com/Microsoft/team-explorer-everywhere/blob/89ab2a4847aec8ec2afdf36c3f6287dd03bd558d/source/com.microsoft.tfs.core/src/com/microsoft/tfs/core/clients/build/internal/soapextensions/BuildController.java/#L317-L325,java
4627580,non_smells,class,git@github.com:apache/hadoop-hdfs.git,b2d2a3262c587638db04c2991d48656b3d06275c,/src/java/org/apache/hadoop/hdfs/protocol/RecoveryInProgressException.java,28,36,https://github.com/apache/hadoop-hdfs/blob/b2d2a3262c587638db04c2991d48656b3d06275c/src/java/org/apache/hadoop/hdfs/protocol/RecoveryInProgressException.java/#L28-L36,java
3813750,non_smells,class,git@github.com:apache/activemq-artemis.git,5bd5c610195d6f4a3dd1ac28170727003f8a5a54,/artemis-server/src/main/java/org/apache/activemq/artemis/core/server/cluster/ClusterControl.java,48,210,https://github.com/apache/activemq-artemis/blob/5bd5c610195d6f4a3dd1ac28170727003f8a5a54/artemis-server/src/main/java/org/apache/activemq/artemis/core/server/cluster/ClusterControl.java/#L48-L210,java
5904263,non_smells,function,git@github.com:apache/xalan-j.git,cba6d7fe7e93defecb98d155e2a780f8a3f1fbaa,/src/org/apache/xml/dtm/ref/DTMNodeProxy.java,967,970,https://github.com/apache/xalan-j/blob/cba6d7fe7e93defecb98d155e2a780f8a3f1fbaa/src/org/apache/xml/dtm/ref/DTMNodeProxy.java/#L967-L970,java
6512990,non_smells,function,git@github.com:eclipse/triquetrum.git,e4c5834ce3d68bd97820157d426a427dfe8e2a9b,/plugins/extras/org.eclipse.triquetrum.scisoft.analysis.rpc/src/main/java/org/eclipse/triquetrum/scisoft/analysis/rpc/AnalysisRpcRemoteException.java,46,52,https://github.com/eclipse/triquetrum/blob/e4c5834ce3d68bd97820157d426a427dfe8e2a9b/plugins/extras/org.eclipse.triquetrum.scisoft.analysis.rpc/src/main/java/org/eclipse/triquetrum/scisoft/analysis/rpc/AnalysisRpcRemoteException.java/#L46-L52,java
9110608,non_smells,function,git@github.com:eclipse/birt.git,f89264810347de98702db45386a822aabc0fadbf,/data/org.eclipse.birt.data/src/org/eclipse/birt/data/engine/olap/data/impl/facttable/FTAggregationHelper.java,63,82,https://github.com/eclipse/birt/blob/f89264810347de98702db45386a822aabc0fadbf/data/org.eclipse.birt.data/src/org/eclipse/birt/data/engine/olap/data/impl/facttable/FTAggregationHelper.java/#L63-L82,java
6010190,non_smells,class,git@github.com:cloudfoundry/cf-java-client.git,6fabcf647302158b638cf2c44cee389e1df9b964,/cloudfoundry-operations/src/main/java/org/cloudfoundry/operations/applications/WordListRandomWords.java,28,67,https://github.com/cloudfoundry/cf-java-client/blob/6fabcf647302158b638cf2c44cee389e1df9b964/cloudfoundry-operations/src/main/java/org/cloudfoundry/operations/applications/WordListRandomWords.java/#L28-L67,java
6560581,non_smells,class,git@github.com:eclipse/rap.git,6295da95d01da6669c91bd4b058db9b89f35abaf,/bundles/org.eclipse.rap.ui.workbench/Eclipse UI/org/eclipse/ui/IPluginContribution.java,21,35,https://github.com/eclipse/rap/blob/6295da95d01da6669c91bd4b058db9b89f35abaf/bundles/org.eclipse.rap.ui.workbench/Eclipse UI/org/eclipse/ui/IPluginContribution.java/#L21-L35,java
5266377,non_smells,class,git@github.com:apache/opennlp-sandbox.git,37af4c6d42a9affba4f7c9bbc64175768750563f,/corpus-server-tools/src/main/java/org/apache/opennlp/corpus_server/tools/RemoveCAS.java,29,49,https://github.com/apache/opennlp-sandbox/blob/37af4c6d42a9affba4f7c9bbc64175768750563f/corpus-server-tools/src/main/java/org/apache/opennlp/corpus_server/tools/RemoveCAS.java/#L29-L49,java
9481601,non_smells,function,git@github.com:apache/hadoop.git,128dd91e10080bdcbcd7d555fa3c4105e55a6b51,/hadoop-yarn-project/hadoop-yarn/hadoop-yarn-applications/hadoop-yarn-services/hadoop-yarn-services-core/src/main/java/org/apache/hadoop/yarn/service/impl/pb/client/ClientAMProtocolPBClientImpl.java,138,147,https://github.com/apache/hadoop/blob/128dd91e10080bdcbcd7d555fa3c4105e55a6b51/hadoop-yarn-project/hadoop-yarn/hadoop-yarn-applications/hadoop-yarn-services/hadoop-yarn-services-core/src/main/java/org/apache/hadoop/yarn/service/impl/pb/client/ClientAMProtocolPBClientImpl.java/#L138-L147,java
5983157,non_smells,class,git@github.com:aws/aws-toolkit-eclipse.git,49026f53fdd4f80a7fb997c9e40fe6e638a26edc,/bundles/com.amazonaws.eclipse.core/src/com/amazonaws/eclipse/core/ui/swt/CompositeBuilder.java,27,144,https://github.com/aws/aws-toolkit-eclipse/blob/49026f53fdd4f80a7fb997c9e40fe6e638a26edc/bundles/com.amazonaws.eclipse.core/src/com/amazonaws/eclipse/core/ui/swt/CompositeBuilder.java/#L27-L144,java
4737348,non_smells,function,git@github.com:apache/incubator-heron.git,17f1b06fffed0c242b181b3e945c7e6a31478751,/heron/instance/src/java/org/apache/heron/network/StreamManagerClient.java,78,102,https://github.com/apache/incubator-heron/blob/17f1b06fffed0c242b181b3e945c7e6a31478751/heron/instance/src/java/org/apache/heron/network/StreamManagerClient.java/#L78-L102,java
7188797,non_smells,class,git@github.com:oracle/oci-java-sdk.git,76e9cecd7b309d9f12e5efe96c74167c66a98872,/bmc-core/src/main/java/com/oracle/bmc/core/requests/ListCrossConnectGroupsRequest.java,8,198,https://github.com/oracle/oci-java-sdk/blob/76e9cecd7b309d9f12e5efe96c74167c66a98872/bmc-core/src/main/java/com/oracle/bmc/core/requests/ListCrossConnectGroupsRequest.java/#L8-L198,java
8008638,non_smells,function,git@github.com:eclipse/xtext-eclipse.git,0c7546b6aaf3644a77fc68eef9f3da368cbbeabd,/org.eclipse.xtext.ui.tests/src-gen/org/eclipse/xtext/ui/tests/linking/importUriUi/impl/ImportImpl.java,100,109,https://github.com/eclipse/xtext-eclipse/blob/0c7546b6aaf3644a77fc68eef9f3da368cbbeabd/org.eclipse.xtext.ui.tests/src-gen/org/eclipse/xtext/ui/tests/linking/importUriUi/impl/ImportImpl.java/#L100-L109,java
7409821,non_smells,function,git@github.com:oracle/graal.git,4deb681aaaa79c248115037fc8e399c9876619fd,/compiler/src/org.graalvm.compiler.graph/src/org/graalvm/compiler/graph/NodeList.java,129,132,https://github.com/oracle/graal/blob/4deb681aaaa79c248115037fc8e399c9876619fd/compiler/src/org.graalvm.compiler.graph/src/org/graalvm/compiler/graph/NodeList.java/#L129-L132,java
7198305,non_smells,class,git@github.com:oracle/oci-java-sdk.git,76e9cecd7b309d9f12e5efe96c74167c66a98872,/bmc-core/src/main/java/com/oracle/bmc/core/responses/ListBootVolumeAttachmentsResponse.java,33,45,https://github.com/oracle/oci-java-sdk/blob/76e9cecd7b309d9f12e5efe96c74167c66a98872/bmc-core/src/main/java/com/oracle/bmc/core/responses/ListBootVolumeAttachmentsResponse.java/#L33-L45,java
3919373,non_smells,function,git@github.com:apache/accumulo.git,f896c98c2356a52dfa2235d2cc02ae556ab17909,/proxy/src/main/java/org/apache/accumulo/proxy/thrift/AccumuloProxy.java,51667,51671,https://github.com/apache/accumulo/blob/f896c98c2356a52dfa2235d2cc02ae556ab17909/proxy/src/main/java/org/apache/accumulo/proxy/thrift/AccumuloProxy.java/#L51667-L51671,java
6696450,non_smells,class,git@github.com:eclipse/webtools.sourceediting.git,fe6d03fa6ca31c9e5ebeba67b32f14d14335657d,/web/tests/org.eclipse.wst.html.ui.tests/src/org/eclipse/wst/html/ui/tests/HTMLUITestsPlugin.java,23,70,https://github.com/eclipse/webtools.sourceediting/blob/fe6d03fa6ca31c9e5ebeba67b32f14d14335657d/web/tests/org.eclipse.wst.html.ui.tests/src/org/eclipse/wst/html/ui/tests/HTMLUITestsPlugin.java/#L23-L70,java
4232859,non_smells,function,git@github.com:apache/commons-collections.git,bb0781551c7f1d7ddd28733acff95e1f130e766c,/src/main/java/org/apache/commons/collections4/PredicateUtils.java,303,306,https://github.com/apache/commons-collections/blob/bb0781551c7f1d7ddd28733acff95e1f130e766c/src/main/java/org/apache/commons/collections4/PredicateUtils.java/#L303-L306,java
7413911,non_smells,function,git@github.com:oracle/graal.git,4deb681aaaa79c248115037fc8e399c9876619fd,/sulong/projects/com.oracle.truffle.llvm.runtime/src/com/oracle/truffle/llvm/runtime/debug/value/LLVMDebugObject.java,449,460,https://github.com/oracle/graal/blob/4deb681aaaa79c248115037fc8e399c9876619fd/sulong/projects/com.oracle.truffle.llvm.runtime/src/com/oracle/truffle/llvm/runtime/debug/value/LLVMDebugObject.java/#L449-L460,java
3937045,non_smells,class,git@github.com:apache/aries.git,52293d20268de7c98833846ded2b70d6476773de,/jndi/jndi-url/src/main/java/org/apache/aries/jndi/url/AbstractName.java,28,84,https://github.com/apache/aries/blob/52293d20268de7c98833846ded2b70d6476773de/jndi/jndi-url/src/main/java/org/apache/aries/jndi/url/AbstractName.java/#L28-L84,java
3710201,non_smells,class,git@github.com:alibaba/atlas.git,e8c7b3f1ff14b2a1df64321c6992b796cae7d732,/atlas-gradle-plugin/dexpatch/src/main/java/com/taobao/android/dex/Leb128.java,26,161,https://github.com/alibaba/atlas/blob/e8c7b3f1ff14b2a1df64321c6992b796cae7d732/atlas-gradle-plugin/dexpatch/src/main/java/com/taobao/android/dex/Leb128.java/#L26-L161,java
4271174,non_smells,class,git@github.com:apache/commons-math.git,f3719d89ab6a928e8618bbe6a7da8214d9d6eb07,/src/main/java/org/apache/commons/math4/stat/descriptive/moment/SecondMoment.java,48,132,https://github.com/apache/commons-math/blob/f3719d89ab6a928e8618bbe6a7da8214d9d6eb07/src/main/java/org/apache/commons/math4/stat/descriptive/moment/SecondMoment.java/#L48-L132,java
7412708,non_smells,class,git@github.com:spring-projects/spring-data-geode.git,5dc269da02933c9e9031f38ff1b27b8b1ee7c31b,/src/main/java/org/springframework/data/gemfire/config/xml/GatewayReceiverParser.java,34,65,https://github.com/spring-projects/spring-data-geode/blob/5dc269da02933c9e9031f38ff1b27b8b1ee7c31b/src/main/java/org/springframework/data/gemfire/config/xml/GatewayReceiverParser.java/#L34-L65,java
7543232,non_smells,function,git@github.com:spring-projects/spring-integration.git,872302de6e98c1fd34e3192d8e4de244008ca857,/spring-integration-core/src/main/java/org/springframework/integration/router/AbstractMappingMessageRouter.java,158,164,https://github.com/spring-projects/spring-integration/blob/872302de6e98c1fd34e3192d8e4de244008ca857/spring-integration-core/src/main/java/org/springframework/integration/router/AbstractMappingMessageRouter.java/#L158-L164,java
7270024,non_smells,function,git@github.com:oracle/visualvm.git,d9b10575b53d535e10c6e8c41831ebe38483c65b,/visualvm/libs.profiler/lib.profiler.charts/src/org/graalvm/visualvm/lib/charts/xy/synchronous/SynchronousXYItemMarker.java,239,249,https://github.com/oracle/visualvm/blob/d9b10575b53d535e10c6e8c41831ebe38483c65b/visualvm/libs.profiler/lib.profiler.charts/src/org/graalvm/visualvm/lib/charts/xy/synchronous/SynchronousXYItemMarker.java/#L239-L249,java
7755095,non_smells,function,git@github.com:apache/incubator-brooklyn.git,337a5d22d5e9c98cc96ea1085383cbed1ee0b741,/brooklyn-server/camp/camp-server/src/main/java/org/apache/brooklyn/camp/server/dto/ApplicationComponentDto.java,52,55,https://github.com/apache/incubator-brooklyn/blob/337a5d22d5e9c98cc96ea1085383cbed1ee0b741/brooklyn-server/camp/camp-server/src/main/java/org/apache/brooklyn/camp/server/dto/ApplicationComponentDto.java/#L52-L55,java
7568142,non_smells,function,git@github.com:spring-projects/spring-framework.git,3a0f309e2c9fdbbf7fb2d348be861528177f8555,/spring-context/src/main/java/org/springframework/jmx/export/assembler/MetadataMBeanInfoAssembler.java,158,162,https://github.com/spring-projects/spring-framework/blob/3a0f309e2c9fdbbf7fb2d348be861528177f8555/spring-context/src/main/java/org/springframework/jmx/export/assembler/MetadataMBeanInfoAssembler.java/#L158-L162,java
8435719,non_smells,class,git@github.com:apache/camel.git,8a85a70643c4d6eec2d3abddeea44ecb06c2f486,/components/camel-http-common/src/main/java/org/apache/camel/http/common/HttpRestHeaderFilterStrategy.java,21,56,https://github.com/apache/camel/blob/8a85a70643c4d6eec2d3abddeea44ecb06c2f486/components/camel-http-common/src/main/java/org/apache/camel/http/common/HttpRestHeaderFilterStrategy.java/#L21-L56,java
5520288,non_smells,class,git@github.com:apache/ranger.git,7c52a79a5d0b41bfc94caca9d531e0fefba2bfe7,/kms/src/main/java/org/apache/hadoop/crypto/key/RangerKeyStore.java,693,714,https://github.com/apache/ranger/blob/7c52a79a5d0b41bfc94caca9d531e0fefba2bfe7/kms/src/main/java/org/apache/hadoop/crypto/key/RangerKeyStore.java/#L693-L714,java
6982100,non_smells,class,git@github.com:google/j2cl.git,f233ebf547cce390cf87ce346ed82e0512f4fbe1,/transpiler/javatests/com/google/j2cl/transpiler/integration/allsimplebridges/Tester929.java,20,35,https://github.com/google/j2cl/blob/f233ebf547cce390cf87ce346ed82e0512f4fbe1/transpiler/javatests/com/google/j2cl/transpiler/integration/allsimplebridges/Tester929.java/#L20-L35,java
5366640,long_method,function,git@github.com:apache/pig.git,17a4d1795ead1f2b4c62043eaf4739ed39ec2f3f,/src/org/apache/pig/PigServer.java,223,296,https://github.com/apache/pig/blob/17a4d1795ead1f2b4c62043eaf4739ed39ec2f3f/src/org/apache/pig/PigServer.java/#L223-L296,java
7958322,long_method,function,git@github.com:eclipse/titan.EclipsePlug-ins.git,92bae808bfd4757c9a2f7cc0e59cd17ad801394c,/org.eclipse.titanium.refactoring/src/org/eclipse/titanium/refactoring/function/ExtractToFunctionWizardParamsPage.java,75,111,https://github.com/eclipse/titan.EclipsePlug-ins/blob/92bae808bfd4757c9a2f7cc0e59cd17ad801394c/org.eclipse.titanium.refactoring/src/org/eclipse/titanium/refactoring/function/ExtractToFunctionWizardParamsPage.java/#L75-L111,java
6276517,long_method,function,git@github.com:eclipse/jgit.git,00523f38a19b073990239b0f837efa14197764c7,/org.eclipse.jgit/src/org/eclipse/jgit/internal/storage/pack/PackWriter.java,1777,1995,https://github.com/eclipse/jgit/blob/00523f38a19b073990239b0f837efa14197764c7/org.eclipse.jgit/src/org/eclipse/jgit/internal/storage/pack/PackWriter.java/#L1777-L1995,java
8148121,long_method,function,git@github.com:alibaba/cobar.git,bc36a14d4a3f8acc0db0b3b07a7db8d38afefda5,/server/src/main/server/com/alibaba/cobar/server/parser/ServerParseSet.java,192,226,https://github.com/alibaba/cobar/blob/bc36a14d4a3f8acc0db0b3b07a7db8d38afefda5/server/src/main/server/com/alibaba/cobar/server/parser/ServerParseSet.java/#L192-L226,java
7356984,long_method,function,git@github.com:Microsoft/team-explorer-everywhere.git,89ab2a4847aec8ec2afdf36c3f6287dd03bd558d,/source/com.microsoft.tfs.core/src/com/microsoft/tfs/core/util/TSWAHyperlinkBuilder.java,518,559,https://github.com/Microsoft/team-explorer-everywhere/blob/89ab2a4847aec8ec2afdf36c3f6287dd03bd558d/source/com.microsoft.tfs.core/src/com/microsoft/tfs/core/util/TSWAHyperlinkBuilder.java/#L518-L559,java
9049868,long_method,function,git@github.com:eclipse/eclipse.jdt.core.git,24d47c292ed4bd8fdc28b3c2f9afdab1401d025c,/org.eclipse.jdt.core.tests.performance/src/org/eclipse/jdt/core/tests/performance/FullSourceWorkspaceFormatterTests.java,135,162,https://github.com/eclipse/eclipse.jdt.core/blob/24d47c292ed4bd8fdc28b3c2f9afdab1401d025c/org.eclipse.jdt.core.tests.performance/src/org/eclipse/jdt/core/tests/performance/FullSourceWorkspaceFormatterTests.java/#L135-L162,java
4336814,long_method,function,git@github.com:apache/directory-server.git,310007cc1c7eb5415f93bed67d5553bc70980820,/jdbm-partition/src/main/java/org/apache/directory/server/core/partition/impl/btree/jdbm/DupsCursor.java,174,247,https://github.com/apache/directory-server/blob/310007cc1c7eb5415f93bed67d5553bc70980820/jdbm-partition/src/main/java/org/apache/directory/server/core/partition/impl/btree/jdbm/DupsCursor.java/#L174-L247,java
4490338,long_method,function,git@github.com:apache/ctakes.git,79be3ba2833857714bb301449f021cca36f373e6,/ctakes-coreference/src/main/java/org/apache/ctakes/coreference/ae/features/cluster/MentionClusterStringFeaturesExtractor.java,35,105,https://github.com/apache/ctakes/blob/79be3ba2833857714bb301449f021cca36f373e6/ctakes-coreference/src/main/java/org/apache/ctakes/coreference/ae/features/cluster/MentionClusterStringFeaturesExtractor.java/#L35-L105,java
4356398,long_method,function,git@github.com:apache/derby.git,bd246fc89d4fce3f82f8344074ecb8a4713418df,/java/org.apache.derby.engine/org/apache/derby/impl/sql/compile/SubqueryNode.java,606,926,https://github.com/apache/derby/blob/bd246fc89d4fce3f82f8344074ecb8a4713418df/java/org.apache.derby.engine/org/apache/derby/impl/sql/compile/SubqueryNode.java/#L606-L926,java
4092105,long_method,function,git@github.com:apache/asterixdb.git,223d13a06c4a4a58408aeac19674ac1f36f5ff35,/asterixdb/asterix-transactions/src/main/java/org/apache/asterix/transaction/management/service/logging/LogManager.java,440,466,https://github.com/apache/asterixdb/blob/223d13a06c4a4a58408aeac19674ac1f36f5ff35/asterixdb/asterix-transactions/src/main/java/org/apache/asterix/transaction/management/service/logging/LogManager.java/#L440-L466,java
6344285,long_method,function,git@github.com:eclipse/linuxtools.git,11865e6e7d86a9d2e63c7b25605f6055875e63ad,/rpm/org.eclipse.linuxtools.rpm.ui.editor/src/org/eclipse/linuxtools/internal/rpm/ui/editor/preferences/PreferenceInitializer.java,25,59,https://github.com/eclipse/linuxtools/blob/11865e6e7d86a9d2e63c7b25605f6055875e63ad/rpm/org.eclipse.linuxtools.rpm.ui.editor/src/org/eclipse/linuxtools/internal/rpm/ui/editor/preferences/PreferenceInitializer.java/#L25-L59,java
7345031,long_method,function,git@github.com:Microsoft/team-explorer-everywhere.git,89ab2a4847aec8ec2afdf36c3f6287dd03bd558d,/source/com.microsoft.tfs.core/src/com/microsoft/tfs/core/clients/framework/location/internal/LocationCacheManager.java,399,431,https://github.com/Microsoft/team-explorer-everywhere/blob/89ab2a4847aec8ec2afdf36c3f6287dd03bd558d/source/com.microsoft.tfs.core/src/com/microsoft/tfs/core/clients/framework/location/internal/LocationCacheManager.java/#L399-L431,java
5907756,long_method,function,git@github.com:apache/xalan-j.git,cba6d7fe7e93defecb98d155e2a780f8a3f1fbaa,/src/org/apache/xalan/xsltc/dom/ObjectFactory.java,391,443,https://github.com/apache/xalan-j/blob/cba6d7fe7e93defecb98d155e2a780f8a3f1fbaa/src/org/apache/xalan/xsltc/dom/ObjectFactory.java/#L391-L443,java
4346994,god_class,class,git@github.com:apache/directory-server.git,310007cc1c7eb5415f93bed67d5553bc70980820,/protocol-ldap/src/main/java/org/apache/directory/server/ldap/LdapProtocolUtils.java,38,171,https://github.com/apache/directory-server/blob/310007cc1c7eb5415f93bed67d5553bc70980820/protocol-ldap/src/main/java/org/apache/directory/server/ldap/LdapProtocolUtils.java/#L38-L171,java
5049924,god_class,class,git@github.com:apache/jena.git,1cca775bbf0bb0fd3ee8ac55e31f0f30cdde3b77,/jena-arq/src/main/java/org/apache/jena/sparql/expr/ExprList.java,30,175,https://github.com/apache/jena/blob/1cca775bbf0bb0fd3ee8ac55e31f0f30cdde3b77/jena-arq/src/main/java/org/apache/jena/sparql/expr/ExprList.java/#L30-L175,java
8515776,god_class,class,git@github.com:apache/cloudstack.git,8d3feb100aab4a45b31a789f444038b892161eec,/server/src/main/java/com/cloud/usage/UsageServiceImpl.java,79,438,https://github.com/apache/cloudstack/blob/8d3feb100aab4a45b31a789f444038b892161eec/server/src/main/java/com/cloud/usage/UsageServiceImpl.java/#L79-L438,java
6999436,god_class,class,git@github.com:google/physical-web.git,12604319e99b6d6dff451fc5a58a13a271f1dc7a,/android/PhysicalWeb/app/src/main/java/org/physical_web/physicalweb/MainActivity.java,39,228,https://github.com/google/physical-web/blob/12604319e99b6d6dff451fc5a58a13a271f1dc7a/android/PhysicalWeb/app/src/main/java/org/physical_web/physicalweb/MainActivity.java/#L39-L228,java
8165591,god_class,class,git@github.com:apache/activemq.git,ccf56875b0660214e0a61bd2f8adc418143551fc,/activemq-broker/src/main/java/org/apache/activemq/broker/region/TopicSubscription.java,51,817,https://github.com/apache/activemq/blob/ccf56875b0660214e0a61bd2f8adc418143551fc/activemq-broker/src/main/java/org/apache/activemq/broker/region/TopicSubscription.java/#L51-L817,java
4241628,god_class,class,git@github.com:apache/commons-imaging.git,fa7c16f434061d441d1c0d9dbcfd0f4c3092c880,/src/main/java/org/apache/commons/imaging/formats/jpeg/xmp/JpegRewriter.java,40,353,https://github.com/apache/commons-imaging/blob/fa7c16f434061d441d1c0d9dbcfd0f4c3092c880/src/main/java/org/apache/commons/imaging/formats/jpeg/xmp/JpegRewriter.java/#L40-L353,java
4455297,god_class,class,git@github.com:apache/drill.git,5e2251a9fd659b81ebfcd6702ee4ee16b3f7b6b3,/protocol/src/main/java/org/apache/drill/exec/proto/UserProtos.java,19445,20118,https://github.com/apache/drill/blob/5e2251a9fd659b81ebfcd6702ee4ee16b3f7b6b3/protocol/src/main/java/org/apache/drill/exec/proto/UserProtos.java/#L19445-L20118,java
5786929,god_class,class,git@github.com:apache/tez.git,d5675c332497c1ac1dedefdf91e87476b5c0d7a9,/tez-runtime-library/src/main/java/org/apache/tez/runtime/library/common/writers/UnorderedPartitionedKVWriter.java,89,1427,https://github.com/apache/tez/blob/d5675c332497c1ac1dedefdf91e87476b5c0d7a9/tez-runtime-library/src/main/java/org/apache/tez/runtime/library/common/writers/UnorderedPartitionedKVWriter.java/#L89-L1427,java
7143647,god_class,class,git@github.com:Microsoft/malmo.git,91b1a7a01ec0dd883f81a51048badac0398695f7,/Minecraft/src/main/java/com/microsoft/Malmo/MissionHandlers/VideoProducerImplementation.java,44,193,https://github.com/Microsoft/malmo/blob/91b1a7a01ec0dd883f81a51048badac0398695f7/Minecraft/src/main/java/com/microsoft/Malmo/MissionHandlers/VideoProducerImplementation.java/#L44-L193,java
6562309,god_class,class,git@github.com:eclipse/rap.git,6295da95d01da6669c91bd4b058db9b89f35abaf,/bundles/org.eclipse.rap.ui.workbench/Eclipse UI/org/eclipse/ui/internal/WWinPartService.java,28,247,https://github.com/eclipse/rap/blob/6295da95d01da6669c91bd4b058db9b89f35abaf/bundles/org.eclipse.rap.ui.workbench/Eclipse UI/org/eclipse/ui/internal/WWinPartService.java/#L28-L247,java
6555966,god_class,class,git@github.com:eclipse/rap.git,6295da95d01da6669c91bd4b058db9b89f35abaf,/bundles/org.eclipse.rap.rwt/src/org/eclipse/swt/widgets/ToolBar.java,51,411,https://github.com/eclipse/rap/blob/6295da95d01da6669c91bd4b058db9b89f35abaf/bundles/org.eclipse.rap.rwt/src/org/eclipse/swt/widgets/ToolBar.java/#L51-L411,java
8779111,god_class,class,git@github.com:apache/hadoop-common.git,42a61a4fbc88303913c4681f0d40ffcc737e70b5,/hadoop-common-project/hadoop-common/src/main/java/org/apache/hadoop/metrics2/impl/MetricsSystemImpl.java,69,601,https://github.com/apache/hadoop-common/blob/42a61a4fbc88303913c4681f0d40ffcc737e70b5/hadoop-common-project/hadoop-common/src/main/java/org/apache/hadoop/metrics2/impl/MetricsSystemImpl.java/#L69-L601,java
5823351,god_class,class,git@github.com:apache/uima-ruta.git,08efb111a775b4ba01cf048ac699aa9c22188325,/ruta-ep-addons/src/main/java/org/apache/uima/ruta/testing/evaluator/FeatureCasEvaluator.java,40,388,https://github.com/apache/uima-ruta/blob/08efb111a775b4ba01cf048ac699aa9c22188325/ruta-ep-addons/src/main/java/org/apache/uima/ruta/testing/evaluator/FeatureCasEvaluator.java/#L40-L388,java
9104666,god_class,class,git@github.com:oracle/fastr.git,a1ee49060317621c0c9eceea8ec60040aca59b2d,/com.oracle.truffle.r.nodes/src/com/oracle/truffle/r/nodes/control/WhileNode.java,42,114,https://github.com/oracle/fastr/blob/a1ee49060317621c0c9eceea8ec60040aca59b2d/com.oracle.truffle.r.nodes/src/com/oracle/truffle/r/nodes/control/WhileNode.java/#L42-L114,java
5146683,god_class,class,git@github.com:apache/maven-scm.git,6f876b4dc33372a8527f09c23c6f698e04a771c6,/maven-scm-providers/maven-scm-provider-perforce/src/main/java/org/apache/maven/scm/provider/perforce/PerforceScmProvider.java,77,558,https://github.com/apache/maven-scm/blob/6f876b4dc33372a8527f09c23c6f698e04a771c6/maven-scm-providers/maven-scm-provider-perforce/src/main/java/org/apache/maven/scm/provider/perforce/PerforceScmProvider.java/#L77-L558,java
4285911,god_class,class,git@github.com:apache/crunch.git,9b8849cfd89f1e7f187b99914163509060692aa5,/crunch-contrib/src/main/java/org/apache/crunch/contrib/text/AbstractSimpleExtractor.java,28,95,https://github.com/apache/crunch/blob/9b8849cfd89f1e7f187b99914163509060692aa5/crunch-contrib/src/main/java/org/apache/crunch/contrib/text/AbstractSimpleExtractor.java/#L28-L95,java
5222671,god_class,class,git@github.com:apache/ode.git,b2ddc6436891f84f716ffcbed8c1cd1e374bd805,/bpel-nobj/src/main/java/org/apache/ode/bpel/obj/OAssign.java,393,437,https://github.com/apache/ode/blob/b2ddc6436891f84f716ffcbed8c1cd1e374bd805/bpel-nobj/src/main/java/org/apache/ode/bpel/obj/OAssign.java/#L393-L437,java
4714964,god_class,class,git@github.com:apache/incubator-atlas.git,e0d2cdc27c32742ebecd24db4cca62dc04dcdf4b,/webapp/src/main/java/org/apache/atlas/web/dao/UserDao.java,44,135,https://github.com/apache/incubator-atlas/blob/e0d2cdc27c32742ebecd24db4cca62dc04dcdf4b/webapp/src/main/java/org/apache/atlas/web/dao/UserDao.java/#L44-L135,java
6192975,god_class,class,git@github.com:eclipse/che.git,c5498c2ac562cd8a2fc79a6bb0446d291f05a201,/ide/che-core-ide-app/src/main/java/org/eclipse/che/ide/actions/GoIntoAction.java,29,88,https://github.com/eclipse/che/blob/c5498c2ac562cd8a2fc79a6bb0446d291f05a201/ide/che-core-ide-app/src/main/java/org/eclipse/che/ide/actions/GoIntoAction.java/#L29-L88,java
5333703,god_class,class,git@github.com:apache/nifi.git,c8eff590efa3babcda0b755009224dcac168708b,/nifi-commons/nifi-flowfile-packager/src/main/java/org/apache/nifi/util/FlowFileUnpackagerV1.java,29,155,https://github.com/apache/nifi/blob/c8eff590efa3babcda0b755009224dcac168708b/nifi-commons/nifi-flowfile-packager/src/main/java/org/apache/nifi/util/FlowFileUnpackagerV1.java/#L29-L155,java
8911786,god_class,class,git@github.com:apache/hive.git,2fa22bf360898dc8fd1408bfcc96e1c6aeaf9a53,/llap-common/src/gen/protobuf/gen-java/org/apache/hadoop/hive/llap/plugin/rpc/LlapPluginProtocolProtos.java,286,435,https://github.com/apache/hive/blob/2fa22bf360898dc8fd1408bfcc96e1c6aeaf9a53/llap-common/src/gen/protobuf/gen-java/org/apache/hadoop/hive/llap/plugin/rpc/LlapPluginProtocolProtos.java/#L286-L435,java
8736543,data_class,class,git@github.com:apache/hadoop-common.git,42a61a4fbc88303913c4681f0d40ffcc737e70b5,/hadoop-common-project/hadoop-common/src/main/java/org/apache/hadoop/metrics2/MetricsTag.java,30,88,https://github.com/apache/hadoop-common/blob/42a61a4fbc88303913c4681f0d40ffcc737e70b5/hadoop-common-project/hadoop-common/src/main/java/org/apache/hadoop/metrics2/MetricsTag.java/#L30-L88,java
5581462,data_class,class,git@github.com:apache/servicecomb-java-chassis.git,72cd0e137c4a0c3b899adfa6e19e2fd590743014,/integration-tests/it-common/src/main/java/org/apache/servicecomb/it/schema/User.java,23,76,https://github.com/apache/servicecomb-java-chassis/blob/72cd0e137c4a0c3b899adfa6e19e2fd590743014/integration-tests/it-common/src/main/java/org/apache/servicecomb/it/schema/User.java/#L23-L76,java
3817323,data_class,class,git@github.com:apache/accumulo.git,f896c98c2356a52dfa2235d2cc02ae556ab17909,/core/src/main/java/org/apache/accumulo/core/summary/Gatherer.java,617,656,https://github.com/apache/accumulo/blob/f896c98c2356a52dfa2235d2cc02ae556ab17909/core/src/main/java/org/apache/accumulo/core/summary/Gatherer.java/#L617-L656,java
7600324,data_class,class,git@github.com:spring-projects/spring-roo.git,4a2e9f1eb17d4e49ad947503a63afef7d5a37842,/addon-web-mvc-thymeleaf/addon/src/main/java/org/springframework/roo/addon/web/mvc/thymeleaf/addon/ThymeleafAnnotationValues.java,17,44,https://github.com/spring-projects/spring-roo/blob/4a2e9f1eb17d4e49ad947503a63afef7d5a37842/addon-web-mvc-thymeleaf/addon/src/main/java/org/springframework/roo/addon/web/mvc/thymeleaf/addon/ThymeleafAnnotationValues.java/#L17-L44,java
3917715,data_class,class,git@github.com:apache/archiva.git,d1242030bf232c0d9b68e4402188ee261924bf4b,/archiva-modules/archiva-web/archiva-rest/archiva-rest-api/src/main/java/org/apache/archiva/rest/api/model/ArtifactTransferRequest.java,29,45,https://github.com/apache/archiva/blob/d1242030bf232c0d9b68e4402188ee261924bf4b/archiva-modules/archiva-web/archiva-rest/archiva-rest-api/src/main/java/org/apache/archiva/rest/api/model/ArtifactTransferRequest.java/#L29-L45,java
8400746,data_class,class,git@github.com:apache/camel.git,8a85a70643c4d6eec2d3abddeea44ecb06c2f486,/components/camel-slack/src/main/java/org/apache/camel/component/slack/helper/SlackMessage.java,78,241,https://github.com/apache/camel/blob/8a85a70643c4d6eec2d3abddeea44ecb06c2f486/components/camel-slack/src/main/java/org/apache/camel/component/slack/helper/SlackMessage.java/#L78-L241,java
4130065,data_class,class,git@github.com:apache/calcite.git,a648f9c12309cc253628930b0cab98591caa66ab,/core/src/main/java/org/apache/calcite/plan/SubstitutionVisitor.java,854,896,https://github.com/apache/calcite/blob/a648f9c12309cc253628930b0cab98591caa66ab/core/src/main/java/org/apache/calcite/plan/SubstitutionVisitor.java/#L854-L896,java
8290693,data_class,class,git@github.com:apache/james-project.git,fa24a096a5853459c3769a34ccc68feb91626bfa,/mailbox/store/src/main/java/org/apache/james/mailbox/store/mail/model/impl/SimpleMessage.java,35,133,https://github.com/apache/james-project/blob/fa24a096a5853459c3769a34ccc68feb91626bfa/mailbox/store/src/main/java/org/apache/james/mailbox/store/mail/model/impl/SimpleMessage.java/#L35-L133,java
7372800,data_class,class,git@github.com:Microsoft/team-explorer-everywhere.git,89ab2a4847aec8ec2afdf36c3f6287dd03bd558d,/source/com.microsoft.tfs.core/src/com/microsoft/tfs/core/persistence/LockMode.java,15,36,https://github.com/Microsoft/team-explorer-everywhere/blob/89ab2a4847aec8ec2afdf36c3f6287dd03bd558d/source/com.microsoft.tfs.core/src/com/microsoft/tfs/core/persistence/LockMode.java/#L15-L36,java
4829954,non_smells,class,git@github.com:apache/isis.git,2af2ef3e2edcb807d742f089839e0571d8132bd9,/core/metamodel/src/main/java/org/apache/isis/core/metamodel/facets/fallback/DescribedAsFacetNone.java,28,39,https://github.com/apache/isis/blob/2af2ef3e2edcb807d742f089839e0571d8132bd9/core/metamodel/src/main/java/org/apache/isis/core/metamodel/facets/fallback/DescribedAsFacetNone.java/#L28-L39,java
6329418,non_smells,function,git@github.com:eclipse/kura.git,5e9f3e3d03c8a9cc7857b3fb9080b256821bb32a,/kura/org.eclipse.kura.api/src/main/java/org/eclipse/kura/bluetooth/le/beacon/AdvertisingReportRecord.java,30,32,https://github.com/eclipse/kura/blob/5e9f3e3d03c8a9cc7857b3fb9080b256821bb32a/kura/org.eclipse.kura.api/src/main/java/org/eclipse/kura/bluetooth/le/beacon/AdvertisingReportRecord.java/#L30-L32,java
4126029,non_smells,class,git@github.com:apache/calcite.git,a648f9c12309cc253628930b0cab98591caa66ab,/elasticsearch/src/main/java/org/apache/calcite/adapter/elasticsearch/ElasticsearchJson.java,390,447,https://github.com/apache/calcite/blob/a648f9c12309cc253628930b0cab98591caa66ab/elasticsearch/src/main/java/org/apache/calcite/adapter/elasticsearch/ElasticsearchJson.java/#L390-L447,java
8332859,non_smells,function,git@github.com:eclipse/org.aspectj.git,370f291c359cd159c5f3f0abd6e9e53e81234a07,/ajbrowser/src/main/java/org/aspectj/tools/ajbrowser/ui/BasicEditor.java,76,82,https://github.com/eclipse/org.aspectj/blob/370f291c359cd159c5f3f0abd6e9e53e81234a07/ajbrowser/src/main/java/org/aspectj/tools/ajbrowser/ui/BasicEditor.java/#L76-L82,java
7137322,non_smells,function,git@github.com:linkedin/rest.li.git,ad74aa98da8a55ad9c339d0769a3e8fb495765af,/restli-client/src/main/java/com/linkedin/restli/client/base/BatchDeleteRequestBuilderBase.java,92,97,https://github.com/linkedin/rest.li/blob/ad74aa98da8a55ad9c339d0769a3e8fb495765af/restli-client/src/main/java/com/linkedin/restli/client/base/BatchDeleteRequestBuilderBase.java/#L92-L97,java
4191189,non_smells,class,git@github.com:apache/cayenne.git,5be5235ed1c02589b6300e9729cf3c308c0173e8,/cayenne-server/src/main/java/org/apache/cayenne/reflect/IdMapKeyAccessor.java,33,65,https://github.com/apache/cayenne/blob/5be5235ed1c02589b6300e9729cf3c308c0173e8/cayenne-server/src/main/java/org/apache/cayenne/reflect/IdMapKeyAccessor.java/#L33-L65,java
7554762,non_smells,function,git@github.com:spring-projects/spring-integration.git,872302de6e98c1fd34e3192d8e4de244008ca857,/spring-integration-ws/src/main/java/org/springframework/integration/ws/config/WebServiceOutboundGatewayParser.java,47,51,https://github.com/spring-projects/spring-integration/blob/872302de6e98c1fd34e3192d8e4de244008ca857/spring-integration-ws/src/main/java/org/springframework/integration/ws/config/WebServiceOutboundGatewayParser.java/#L47-L51,java
6385711,non_smells,class,git@github.com:eclipse/eclipse.platform.ui.git,e3bbb556534a1fb945e1036948325d14a8dd9c7a,/bundles/org.eclipse.jface.databinding/src/org/eclipse/jface/databinding/viewers/ObservableSetTreeContentProvider.java,43,215,https://github.com/eclipse/eclipse.platform.ui/blob/e3bbb556534a1fb945e1036948325d14a8dd9c7a/bundles/org.eclipse.jface.databinding/src/org/eclipse/jface/databinding/viewers/ObservableSetTreeContentProvider.java/#L43-L215,java
9017155,non_smells,class,git@github.com:apache/lucene-solr.git,bca22d58e2d126ec6d349d375d3ea028892104e1,/lucene/core/src/java/org/apache/lucene/document/IntRange.java,43,266,https://github.com/apache/lucene-solr/blob/bca22d58e2d126ec6d349d375d3ea028892104e1/lucene/core/src/java/org/apache/lucene/document/IntRange.java/#L43-L266,java
